{
    "resourceType": "Medication",
    "name": "Crestor",
    "code": {
        "coding": [
            {
                "system": "http://snomed.info/id",
                "code": "408036003",
                "display": "Rosuvastatin 10mg tablet"
            }
        ]
    },
    "isBrand": true,
    "kind": "product",
    "package": {
        "container": {
            "coding": [
                {
                    "system": "http://snomed.info/id",
                    "code": "398124009",
                    "display": "drug container"
                }
            ]
        }
    }
}