{
    "resourceType": "Medication",
    "name": "Paracetamol",
    "code": {
        "coding": [
            {
                "system": "http://snomed.info/id",
                "code": "387517004",
                "display": "Paracetamol"
            }
        ]
    },
    "isBrand": false,
    "kind": "product",
    "product": {
        "form": {
            "coding": [
                {
                    "system": "http://snomed.info/id",
                    "code": "385055001",
                    "display": "Tablet"
                }
            ]
        }
    }
}