{"resourceType":"Patient","text":{"status":"generated","div":"<div>\n      <table>\n        <tbody>\n          <tr>\n            <td>Name</td>\n            <td>Peter James <b>Chalmers</b> (&quot;Jim&quot;)</td>\n          </tr>\n          <tr>\n            <td>Address</td>\n            <td>534 Erewhon, Pleasantville, Vic, 3999</td>\n          </tr>\n          <tr>\n            <td>Contacts</td>\n            <td>Home: unknown. Work: (03) 5555 6473</td>\n          </tr>\n          <tr>\n            <td>Id</td>\n            <td>MRN: 12345 (Acme Healthcare)</td>\n          </tr>\n        </tbody>\n      </table>\n    </div>"},"identifier":[{"use":"usual","label":"MRN","system":"urn:oid:1.2.36.146.595.217.0.1","value":"12345","period":{"start":"2001-05-06"},"assigner":{"display":"Acme Healthcare"}}],"name":[{"use":"official","family":["Chalmers"],"given":["Peter","James"]},{"use":"usual","given":["Jim"]}],"telecom":[{"use":"home"},{"system":"phone","value":"(03) 5555 6473","use":"work"}],"gender":{"coding":[{"system":"http://hl7.org/fhir/v3/AdministrativeGender","code":"M","display":"Male"}]},"birthDate":"1974-12-25","deceasedBoolean":false,"address":[{"use":"home","line":["534 Erewhon St"],"city":"PleasantVille","state":"Vic","zip":"3999"}],"contact":[{"relationship":[{"coding":[{"system":"http://hl7.org/fhir/patient-contact-relationship","code":"partner"}]}],"name":{"family":["du","Marché"],"_family":[{"extension":[{"url":"http://hl7.org/fhir/Profileiso-21090#qualifier","valueCode":"VV"}]},null],"given":["Bénédicte"]},"telecom":[{"system":"phone","value":"+33 (237) 998327"}]}],"provider":{"reference":"Organization/1"},"active":true}