{
    "resourceType": "Patient",
    "identifier": [
        {
            "use": "usual",
            "system": "urn:oid:2.16.840.1.113883.2.4.6.3",
            "value": "738472983"
        },
        {
            "use": "usual",
            "system": "urn:oid:2.16.840.1.113883.2.4.6.3"
        }
    ],
    "name": [
        {
            "use": "usual",
            "family": [
                "van de Heuvel"
            ],
            "given": [
                "Pieter"
            ],
            "suffix": [
                "MSc"
            ]
        }
    ],
    "telecom": [
        {
            "system": "phone",
            "value": "0648352638",
            "use": "mobile"
        },
        {
            "system": "email",
            "value": "p.heuvel@gmail.com",
            "use": "home"
        }
    ],
    "gender": {
        "coding": [
            {
                "system": "http://hl7.org/fhir/v3/AdministrativeGender",
                "code": "M",
                "display": "Male"
            }
        ]
    },
    "birthDate": "1944-11-17",
    "deceasedBoolean": false,
    "address": [
        {
            "use": "home",
            "line": [
                "Van Egmondkade 23"
            ],
            "city": "Amsterdam",
            "zip": "1024 RJ",
            "country": "NLD"
        }
    ],
    "maritalStatus": {
        "coding": [
            {
                "system": "http://hl7.org/fhir/v3/MaritalStatus",
                "code": "M",
                "display": "Married"
            }
        ],
        "text": "Getrouwd"
    },
    "multipleBirthBoolean": true,
    "contact": [
        {
            "relationship": [
                {
                    "coding": [
                        {
                            "system": "http://hl7.org/fhir/patient-contact-relationship",
                            "code": "partner"
                        }
                    ]
                }
            ],
            "name": {
                "use": "usual",
                "family": [
                    "Abels"
                ],
                "given": [
                    "Sarah"
                ]
            },
            "telecom": [
                {
                    "system": "phone",
                    "value": "0690383372",
                    "use": "mobile"
                }
            ]
        }
    ],
    "communication": [
        {
            "coding": [
                {
                    "system": "urn:ietf:bcp:47",
                    "code": "nl",
                    "display": "Dutch"
                }
            ],
            "text": "Nederlands"
        }
    ],
    "provider": {
        "reference": "Organization/f001",
        "display": "Burgers University Medical Centre"
    },
    "active": true
}