{"resourceType":"Patient","extension":[{"url":"http://nema.org/fhir/extensions#0010:1010","valueQuantity":{"value":"56","units":"Y"}},{"url":"http://nema.org/fhir/extensions#0010:1020","valueQuantity":{"value":"1.83","units":"m"}},{"url":"http://nema.org/fhir/extensions#0010:1030","valueQuantity":{"value":"72.58","units":"kg"}}],"text":{"status":"generated","div":"<div> Patient MINT_TEST, ID = MINT1234. Age = 56y, Size =\n      1.83m, Weight = 72.58kg </div>"},"identifier":[{"system":"http://nema.org/examples/patients","value":"MINT1234"}],"name":[{"family":["MINT_TEST"]}],"gender":{"coding":[{"system":"http://hl7.org/fhir/v3/AdministrativeGender","code":"M"},{"id":"nemagender","system":"http://nema.org/examples/gender","code":"M"}]},"provider":{"reference":"Organization/1"},"active":true}