{"resourceType":"Patient","text":{"status":"generated","div":"<div>\n      <table>\n        <tbody>\n          <tr>\n            <td>Id</td>\n            <td>Kenzi (Dog: Golden Retriever)</td>\n          </tr>\n          <tr>\n            <td>Owner</td>\n            <td>Peter Chalmers, 534 Erewhon, Pleasantville, Vic, 3999</td>\n          </tr>\n          <tr>\n            <td>Contacts</td>\n            <td>Work: (03) 5555 6473</td>\n          </tr>\n          <tr>\n            <td>Id</td>\n            <td>Dog Tag: 1234123 (Maroondah City Council)</td>\n          </tr>\n        </tbody>\n      </table>\n    </div>"},"identifier":[{"label":"Dog Tag","system":"http://www.maroondah.vic.gov.au/AnimalRegFees.aspx","value":"1234123","period":{"start":"2010-05-31"},"assigner":{"display":"Maroondah City Council"}}],"name":[{"use":"usual","given":["Kenzi"]}],"gender":{"coding":[{"system":"http://hl7.org/fhir/v3/AdministrativeGender","code":"F"}]},"birthDate":"2010-03-23","contact":[{"relationship":[{"coding":[{"system":"http://hl7.org/fhir/patient-contact-relationship","code":"owner"}]}],"name":{"family":["Chalmers"],"given":["Peter","James"]},"telecom":[{"system":"phone","value":"(03) 5555 6473","use":"work"}]}],"animal":{"species":{"coding":[{"system":"http://hl7.org/fhir/animal-species","code":"canislf","display":"Dog"}]},"breed":{"coding":[{"system":"http://snomed.info/id","code":"58108001","display":"Golden retriever"},{"system":"http://hl7.org/fhir/animal-breed","code":"gret","display":"Golden Retriever"}]},"genderStatus":{"coding":[{"system":"http://hl7.org/fhir/animal-genderstatus","code":"neutered"}]}},"provider":{"display":"Pete's Veterinary Services"},"active":true}
