{"patient":{"Field Count":"22",
"DFN":"5",
"Name":"DOE,JANE",
"SSN":"000000011","Dashed SSN":"000-00-0011",
"Internal DOB":"2710100","External DOB":"JAN 1971",
"Age":"42",
"Internal Sex":"F","External Sex":"FEMALE",
"Internal Last Mvmt":"3130320.141341","External Last Mvmt":"MAR 20,2013@14:13:41",
"Internal Type Mvmt":"15","External Type Mvmt":"DIRECT",
"Internal Ward Location":"2","External Ward Location":"ICU","Internal Hospital Location":"7","External Hospital Location":"ICU",
"Internal Bed Location":"","External Bed Location":"",
"Internal P-Care Physician":"11","External P-Care Physician":"DOCTOR,ONE",
"Internal Treating Speciality":"1","External Treating Speciality":"MEDICAL OBSERVATION",
"Movement Diagnosis":"diabetes mellitus",
"Bed Status":"1",
"Expected return date":"",
"Height":"127cm",
"Weight":"45.45kg",
"Means Tests":"1",
"Reactions":"0^^",
"ICN number":"500000004V486589",
"Admission Status message":""},
"status":"ok"}
