{"dfn":"5","vitals":[{"ien":"69","type":"T","value":"80","dt":"3130912.100421","dtf":"09-12-2013 10:04"},
{"ien":"66","type":"P","value":"40","dt":"3130912.100421","dtf":"09-12-2013 10:04"},
{"ien":"68","type":"R","value":"20","dt":"3130912.100421","dtf":"09-12-2013 10:04"},
{"ien":"65","type":"BP","value":"120/80","dt":"3130912.100421","dtf":"09-12-2013 10:04"},
{"ien":"71","type":"HT","value":"50","dt":"3130912.100421","dtf":"09-12-2013 10:04"},
{"ien":"70","type":"WT","value":"100","dt":"3130912.100421","dtf":"09-12-2013 10:04"},
{"ien":"64","type":"PN","value":"3","dt":"3130912.100421","dtf":"09-12-2013 10:04"},
{"ien":"67","type":"POX","value":"10","dt":"3130912.100421","dtf":"09-12-2013 10:04"},
{"ien":"-1","type":"BMI","value":"28.18","dt":"3130912.100421","dtf":"09-12-2013 10:04"}],
"status":"ok"}
