[{"IEN":"63","ssn":"000000562","section":"IRM","full_name":"AMUNDSON,MARK","initial":"MA","gender":"MALE","title":"ANALYST", "username":"markymark", "password":"testing"},
{"IEN":"68","ssn":"000002345","section":"IRM","full_name":"ANDERSON,MAGGIE","initial":"MA","gender":"FEMALE","title":"ANALYST"},
{"IEN":"114","ssn":"","section":"LAB","full_name":"ARCHER,CATHERINE ZERO","initial":"CA","gender":"FEMALE","title":"Laboratory Technician"},
{"IEN":"116","ssn":"","section":"LAB","full_name":"ARROW,GREEN TWO","initial":"GA","gender":"MALE","title":"Laboratory Technician"},
{"IEN":"57","ssn":"","section":"","full_name":"AUTHORIZER,IB MRA","initial":"MRA","gender":"","title":""},
{"IEN":"99","ssn":"","section":"MEDICINE","full_name":"BARKOW,ZOEY ZERO","initial":"ZB","gender":"FEMALE","title":"Nurse"},
{"IEN":"122","ssn":"","section":"LAB","full_name":"BLOOM,LARRY ONE","initial":"LB","gender":"MALE","title":"Laboratory Technician"},
{"IEN":"121","ssn":"","section":"LAB","full_name":"BROWN,EMMET THREE","initial":"EB","gender":"MALE","title":"Laboratory Technician"},
{"IEN":"83","ssn":"","section":"MEDICINE","full_name":"CAMERON,ALLISON","initial":"","gender":"","title":"Physician"},
{"IEN":"5","ssn":"","section":"","full_name":"CENTRAL,PAID","initial":"","gender":"","title":""},
{"IEN":"84","ssn":"","section":"MEDICINE","full_name":"CHASE,ROBERT","initial":"RB","gender":"MALE","title":"Physician"},
{"IEN":"97","ssn":"","section":"IRM","full_name":"CHROS,CRISS SVEN","initial":"CC","gender":"MALE","title":"ADT officer"},
{"IEN":"47","ssn":"000000208","section":"MEDICINE","full_name":"CLERK,EIGHT","initial":"","gender":"","title":"Medical Clerk"},
{"IEN":"50","ssn":"000000211","section":"MEDICINE","full_name":"CLERK,ELEVEN","initial":"","gender":"","title":"Medical Clerk"},
{"IEN":"54","ssn":"000000215","section":"MEDICINE","full_name":"CLERK,FIFTEEN","initial":"","gender":"","title":"Medical Clerk"},
{"IEN":"44","ssn":"000000205","section":"MEDICINE","full_name":"CLERK,FIVE","initial":"","gender":"","title":"Medical Clerk"},
{"IEN":"43","ssn":"000000204","section":"MEDICINE","full_name":"CLERK,FOUR","initial":"","gender":"","title":"Medical Clerk"},
{"IEN":"53","ssn":"000000214","section":"MEDICINE","full_name":"CLERK,FOURTEEN","initial":"","gender":"","title":"Medical Clerk"},
{"IEN":"48","ssn":"000000209","section":"MEDICINE","full_name":"CLERK,NINE","initial":"","gender":"","title":"Medical Clerk"},
{"IEN":"13","ssn":"000000003","section":"MEDICINE","full_name":"CLERK,ONE","initial":"CO","gender":"","title":"Medical Clerk"},
{"IEN":"46","ssn":"000000207","section":"MEDICINE","full_name":"CLERK,SEVEN","initial":"","gender":"","title":"Medical Clerk"},
{"IEN":"45","ssn":"000000206","section":"MEDICINE","full_name":"CLERK,SIX","initial":"","gender":"","title":"Medical Clerk"},
{"IEN":"49","ssn":"000000210","section":"MEDICINE","full_name":"CLERK,TEN","initial":"","gender":"","title":"Medical Clerk"},
{"IEN":"52","ssn":"000000213","section":"MEDICINE","full_name":"CLERK,THIRTEEN","initial":"","gender":"","title":"Medical Clerk"},
{"IEN":"42","ssn":"000000203","section":"MEDICINE","full_name":"CLERK,THREE","initial":"","gender":"","title":"Medical Clerk"},
{"IEN":"51","ssn":"000000212","section":"MEDICINE","full_name":"CLERK,TWELVE","initial":"","gender":"","title":"Medical Clerk"},
{"IEN":"41","ssn":"000000202","section":"MEDICINE","full_name":"CLERK,TWO","initial":"","gender":"","title":"Medical Clerk"},
{"IEN":"77","ssn":"","section":"","full_name":"CLINICAL,DEVICE PROXY SERVICE","initial":"","gender":"","title":""},
{"IEN":"58","ssn":"000000145","section":"MEDICINE","full_name":"COORDINATOR,CLINICAL","initial":"CC","gender":"MALE","title":"CLINICAL COORDINATOR"},
{"IEN":"109","ssn":"","section":"PHARMACY","full_name":"CRANSTON,BRIAN ONE","initial":"BC","gender":"MALE","title":"Pharmacist"},
{"IEN":"67","ssn":"123212343","section":"IRM","full_name":"DAL MOLIN,JOSEPH","initial":"JDM","gender":"MALE","title":"ANALYST"},
{"IEN":"117","ssn":"","section":"LAB","full_name":"DELKO,ERIC FOUR","initial":"ED","gender":"MALE","title":"Laboratory Technician"},
{"IEN":"3","ssn":"","section":"","full_name":"DEVILLERS,NANCY","initial":"ND","gender":"","title":""},
{"IEN":"9","ssn":"000001111","section":"IRM","full_name":"DEWAYNE,ROBERT","initial":"RED","gender":"MALE","title":"ANALYST"},
{"IEN":"21","ssn":"000000010","section":"MEDICINE","full_name":"DOCTOR,EIGHT","initial":"","gender":"","title":"Physician"},
{"IEN":"24","ssn":"000000013","section":"MEDICINE","full_name":"DOCTOR,ELEVEN","initial":"","gender":"","title":"Physician"},
{"IEN":"18","ssn":"000000007","section":"MEDICINE","full_name":"DOCTOR,FIVE","initial":"","gender":"","title":"Physician"},
{"IEN":"17","ssn":"000000006","section":"MEDICINE","full_name":"DOCTOR,FOUR","initial":"","gender":"","title":"Physician"},
{"IEN":"22","ssn":"000000011","section":"MEDICINE","full_name":"DOCTOR,NINE","initial":"","gender":"","title":"Physician"},
{"IEN":"11","ssn":"000000001","section":"MEDICINE","full_name":"DOCTOR,ONE","initial":"DO","gender":"","title":"Physician"},
{"IEN":"20","ssn":"000000009","section":"MEDICINE","full_name":"DOCTOR,SEVEN","initial":"","gender":"","title":"Physician"},
{"IEN":"19","ssn":"000000008","section":"MEDICINE","full_name":"DOCTOR,SIX","initial":"","gender":"","title":"Physician"},
{"IEN":"23","ssn":"000000012","section":"MEDICINE","full_name":"DOCTOR,TEN","initial":"","gender":"","title":"Physician"},
{"IEN":"16","ssn":"000000005","section":"MEDICINE","full_name":"DOCTOR,THREE","initial":"","gender":"","title":"Physician"},
{"IEN":"26","ssn":"000000014","section":"MEDICINE","full_name":"DOCTOR,TWELVE","initial":"","gender":"","title":"Physician"},
{"IEN":"15","ssn":"000000004","section":"MEDICINE","full_name":"DOCTOR,TWO","initial":"DT","gender":"","title":"Physician"},
{"IEN":"90","ssn":"","section":"IRM","full_name":"DUPREE,JULIA ZERO","initial":"JD","gender":"FEMALE","title":"ADT officer"},
{"IEN":"6","ssn":"","section":"","full_name":"EDILOCKBOX,AUTOMATIC","initial":"EDI","gender":"","title":""},
{"IEN":"78","ssn":"","section":"","full_name":"EDPTRACKING,PROXY","initial":"","gender":"","title":""},
{"IEN":"60","ssn":"000000876","section":"MEDICINE","full_name":"FARLEY,CHRIS","initial":"RA","gender":"MALE","title":"CLINICAL COORDINATOR"},
{"IEN":"64","ssn":"234063333","section":"","full_name":"FERGUSON,DAVID","initial":"DLF","gender":"","title":""},
{"IEN":"112","ssn":"","section":"PHARMACY","full_name":"FERGUSON,TURD THREE","initial":"TF","gender":"MALE","title":"Pharmacist"},
{"IEN":"127","ssn":"","section":"LAB","full_name":"FRINK,ALLEN THREE","initial":"AF","gender":"MALE","title":"Laboratory Technician"},
{"IEN":"123","ssn":"","section":"PHARMACY","full_name":"FRIZZLE,JANE ONE","initial":"JF","gender":"","title":"Pharmacist"},
{"IEN":"94","ssn":"","section":"IRM","full_name":"FRONCZAC,MIRANDA FOURINA","initial":"MF","gender":"FEMALE","title":"ADT officer"},
{"IEN":"115","ssn":"","section":"LAB","full_name":"GOLDMAN,MORT ONE","initial":"MG","gender":"MALE","title":"Laboratory Technician"},
{"IEN":"113","ssn":"","section":"PHARMACY","full_name":"GREY,MEREDITH SIX","initial":"MG","gender":"FEMALE","title":"Pharmacist"},
{"IEN":"134","ssn":"","section":"PHARMACY","full_name":"GULBRANSON,HAL SEVEN","initial":"HG","gender":"MALE","title":"Pharmacist"},
{"IEN":"92","ssn":"","section":"IRM","full_name":"HALL,SHIERA TWEED","initial":"SH","gender":"FEMALE","title":"ADT officer"},
{"IEN":"96","ssn":"","section":"IRM","full_name":"HARGITAY,MARISKA SIKSEA","initial":"MH","gender":"FEMALE","title":"ADT officer"},
{"IEN":"118","ssn":"","section":"LAB","full_name":"HARTMAN,ELMER FIVE","initial":"EH","gender":"MALE","title":"Laboratory Technician"},
{"IEN":"95","ssn":"","section":"IRM","full_name":"HEALY,SAM FIVER","initial":"SH","gender":"MALE","title":"ADT officer"},
{"IEN":"81","ssn":"","section":"MEDICINE","full_name":"HOUSE,GREGORY","initial":"GH","gender":"MALE","title":"Physician", "username":"ghouse", "password":"abc123"},
{"IEN":"4","ssn":"","section":"","full_name":"INTERFACE,IB EIV","initial":"EIV","gender":"","title":""},
{"IEN":"106","ssn":"","section":"MEDICINE","full_name":"JANE,MARY TWO","initial":"MJ","gender":"FEMALE","title":"Nurse"},
{"IEN":"14","ssn":"867530900","section":"MEDICINE","full_name":"JUTZI,WILLIAM","initial":"WCJ","gender":"","title":""},
{"IEN":"119","ssn":"","section":"LAB","full_name":"KAREV,ALEX SIX","initial":"AK","gender":"MALE","title":"Laboratory Technician"},
{"IEN":"98","ssn":"","section":"PHARMACY","full_name":"KARNES,JAMES","initial":"","gender":"MALE","title":"Pharmacist"},
{"IEN":"107","ssn":"","section":"MEDICINE","full_name":"KEPNER,APRIL SIX","initial":"AK","gender":"FEMALE","title":"Nurse"},
{"IEN":"130","ssn":"","section":"PHARMACY","full_name":"KHALESSI,QUEEN FIVE","initial":"QK","gender":"FEMALE","title":"Pharmacist"},
{"IEN":"103","ssn":"","section":"MEDICINE","full_name":"KNOWLES-TELLER,TARA FIVE","initial":"TK","gender":"FEMALE","title":"Nurse"},
{"IEN":"62","ssn":"000000765","section":"IRM","full_name":"LAB,SUPERUSER","initial":"LS","gender":"MALE","title":"ANALYST"},
{"IEN":"125","ssn":"","section":"LAB","full_name":"LANTERN,GREEN TWO","initial":"GL","gender":"MALE","title":"Laboratory Technician"},
{"IEN":"93","ssn":"","section":"IRM","full_name":"LECLERC,KATE THRINA","initial":"KL","gender":"FEMALE","title":"ADT officer"},
{"IEN":"104","ssn":"","section":"MEDICINE","full_name":"LOCKART,ABBIE ONE","initial":"AL","gender":"FEMALE","title":"Nurse"},
{"IEN":"72","ssn":"","section":"","full_name":"LRLAB,HL","initial":"","gender":"","title":""},
{"IEN":"71","ssn":"","section":"","full_name":"LRLAB,POC","initial":"","gender":"","title":""},
{"IEN":"8","ssn":"","section":"IRM","full_name":"MANAGER,SYSTEM","initial":"SM","gender":"","title":"System Manager"},
{"IEN":"111","ssn":"","section":"PHARMACY","full_name":"MANN,AQUA TWO","initial":"AM","gender":"MALE","title":"Pharmacist"},
{"IEN":"124","ssn":"","section":"PHARMACY","full_name":"MANN,SUPER TWO","initial":"SM","gender":"MALE","title":"Pharmacist"},
{"IEN":"65","ssn":"123456789","section":"IRM","full_name":"MARSHALL,RICK","initial":"FDSM","gender":"MALE","title":"ANALYST"},
{"IEN":"61","ssn":"123445667","section":"IRM","full_name":"MCKINZIE,MARCIA","initial":"MRM","gender":"FEMALE","title":""},
{"IEN":"101","ssn":"","section":"PHARMACY","full_name":"MULL,MARTIN SEVEN","initial":"MM","gender":"MALE","title":"Pharmacist"},
{"IEN":"79","ssn":"","section":"","full_name":"NHIN,APPLICATION PROXY","initial":"","gender":"","title":""},
{"IEN":"33","ssn":"000000108","section":"MEDICINE","full_name":"NURSE,EIGHT","initial":"","gender":"","title":"Nurse"},
{"IEN":"36","ssn":"000000111","section":"MEDICINE","full_name":"NURSE,ELEVEN","initial":"","gender":"","title":"Nurse"},
{"IEN":"40","ssn":"000000115","section":"MEDICINE","full_name":"NURSE,FIFTEEN","initial":"","gender":"","title":"Nurse"},
{"IEN":"30","ssn":"000000103","section":"MEDICINE","full_name":"NURSE,FIVE","initial":"","gender":"","title":"Nurse"},
{"IEN":"29","ssn":"000000102","section":"MEDICINE","full_name":"NURSE,FOUR","initial":"","gender":"","title":"Nurse"},
{"IEN":"39","ssn":"000000114","section":"MEDICINE","full_name":"NURSE,FOURTEEN","initial":"","gender":"","title":"Nurse"},
{"IEN":"34","ssn":"000000109","section":"MEDICINE","full_name":"NURSE,NINE","initial":"","gender":"","title":"Nurse"},
{"IEN":"12","ssn":"000000002","section":"MEDICINE","full_name":"NURSE,ONE","initial":"NO","gender":"","title":"Nurse"},
{"IEN":"32","ssn":"000000107","section":"MEDICINE","full_name":"NURSE,SEVEN","initial":"","gender":"","title":"Nurse"},
{"IEN":"31","ssn":"000000106","section":"MEDICINE","full_name":"NURSE,SIX","initial":"","gender":"","title":"Nurse"},
{"IEN":"35","ssn":"000000110","section":"MEDICINE","full_name":"NURSE,TEN","initial":"","gender":"","title":"Nurse"},
{"IEN":"38","ssn":"000000113","section":"MEDICINE","full_name":"NURSE,THIRTEEN","initial":"","gender":"","title":"Nurse"},
{"IEN":"28","ssn":"000000101","section":"MEDICINE","full_name":"NURSE,THREE","initial":"","gender":"","title":"Nurse"},
{"IEN":"37","ssn":"000000112","section":"MEDICINE","full_name":"NURSE,TWELVE","initial":"","gender":"","title":"Nurse"},
{"IEN":"27","ssn":"000000100","section":"MEDICINE","full_name":"NURSE,TWO","initial":"","gender":"","title":"Nurse"},
{"IEN":"91","ssn":"","section":"IRM","full_name":"OSBOURNE,SHARON ONYX","initial":"SO","gender":"FEMALE","title":"ADT officer"},
{"IEN":"135","ssn":"","section":"LAB","full_name":"PALMER,JIMMY SEVEN","initial":"JP","gender":"MALE","title":"Laboratory Technician"},
{"IEN":"80","ssn":"","section":"IRM","full_name":"PANTAZI,STEFAN","initial":"SP","gender":"","title":"system manager","username":"admin","password":"Abc723"},
{"IEN":"86","ssn":"","section":"MEDICINE","full_name":"PARK,CHI","initial":"CP","gender":"FEMALE","title":"Physician"},
{"IEN":"70","ssn":"000001234","section":"","full_name":"PATCHES,ALL D","initial":"ADP","gender":"MALE","title":""},
{"IEN":"82","ssn":"","section":"MEDICINE","full_name":"PEYTON,JACKIE","initial":"JP","gender":"FEMALE","title":"Nurse System Manager"},
{"IEN":"128","ssn":"","section":"PHARMACY","full_name":"PINKMAN,JESSE FOUR","initial":"JP","gender":"MALE","title":"Pharmacist"},
{"IEN":".5","ssn":"","section":"","full_name":"POSTMASTER","initial":"","gender":"","title":""},
{"IEN":"89","ssn":"","section":"MEDICINE","full_name":"PRATT,GREGORY","initial":"GP","gender":"MALE","title":"Physician"},
{"IEN":"7","ssn":"","section":"","full_name":"PRCA,AUTOAUDIT","initial":"EDI","gender":"","title":""},
{"IEN":"75","ssn":"","section":"","full_name":"RADIOLOGY,OUTSIDE SERVICE","initial":"","gender":"","title":""},
{"IEN":"102","ssn":"","section":"MEDICINE","full_name":"ROMANO,ROBERT FOUR","initial":"RR","gender":"MALE","title":"Nurse"},
{"IEN":"126","ssn":"","section":"PHARMACY","full_name":"SAMSON,BOB THREE","initial":"BS","gender":"MALE","title":"Pharmacist"},
{"IEN":"120","ssn":"","section":"LAB","full_name":"SCIOUTO,ABBY SEVEN","initial":"AS","gender":"FEMALE","title":"Laboratory Technician"},
{"IEN":"2","ssn":"","section":"IRM","full_name":"SEPPALA,GREGG","initial":"GS","gender":"","title":""},
{"IEN":".6","ssn":"","section":"","full_name":"SHARED,MAIL","initial":"","gender":"","title":""},
{"IEN":"132","ssn":"","section":"PHARMACY","full_name":"SHEPPARD,DEREK SIX","initial":"DS","gender":"MALE","title":"Pharmacist"},
{"IEN":"105","ssn":"","section":"MEDICINE","full_name":"SMITH,MARY THREE","initial":"MS","gender":"FEMALE","title":"Nurse"},
{"IEN":"59","ssn":"000000099","section":"IRM","full_name":"STARTUP,SYSTEM","initial":"SS","gender":"MALE","title":""},
{"IEN":"133","ssn":"","section":"LAB","full_name":"STEVENS,IZZY SIX","initial":"IS","gender":"MALE","title":"Laboratory Technician"},
{"IEN":"69","ssn":"471585162","section":"IRM","full_name":"STOXEN,JAMES H","initial":"JHS","gender":"MALE","title":"ANALYST"},
{"IEN":"100","ssn":"","section":"MEDICINE","full_name":"TAKATA,YOSH SEVEN","initial":"YT","gender":"MALE","title":"Nurse"},
{"IEN":"76","ssn":"","section":"","full_name":"TASKMAN,PROXY USER","initial":"","gender":"","title":""},
{"IEN":"87","ssn":"","section":"MEDICINE","full_name":"TAUB,CHRIS","initial":"CT","gender":"MALE","title":"Physician"},
{"IEN":"56","ssn":"000000444","section":"IRM","full_name":"USER,PATCH","initial":"UP","gender":"MALE","title":"System Manager"},
{"IEN":"10","ssn":"000007654","section":"IRM","full_name":"USER,TEST","initial":"TU","gender":"MALE","title":"ANALYST"},
{"IEN":"88","ssn":"","section":"MEDICINE","full_name":"VOLAKIS,AMBER","initial":"AV","gender":"FEMALE","title":"Physician"},
{"IEN":"74","ssn":"","section":"","full_name":"VPFS,APPLICATION PROXY","initial":"","gender":"","title":""},
{"IEN":"110","ssn":"","section":"PHARMACY","full_name":"WALZER,EDDIE FIVE","initial":"EW","gender":"MALE","title":"Pharmacist"},
{"IEN":"131","ssn":"","section":"LAB","full_name":"WARNER,MELINDA FIVE","initial":"MW","gender":"FEMALE","title":"Laboratory Technician"},
{"IEN":"108","ssn":"","section":"PHARMACY","full_name":"WHITE,WALTER FOUR","initial":"WW","gender":"MALE","title":"Pharmacist"},
{"IEN":"66","ssn":"987654321","section":"IRM","full_name":"WHITTEN,DAVE","initial":"DJW","gender":"MALE","title":"ANALYST"},
{"IEN":"85","ssn":"","section":"MEDICINE","full_name":"WILSON,JAMES","initial":"JW","gender":"MALE","title":"Physician"},
{"IEN":"129","ssn":"","section":"LAB","full_name":"WOLFE,RYAN FOUR","initial":"RW","gender":"MALE","title":"Laboratory Technician"},
{"IEN":"1","ssn":"","section":"IRM","full_name":"WVEHR,PATCH INSTALLER","initial":"PIW","gender":"MALE","title":""},
{"IEN":"73","ssn":"","section":"","full_name":"XOBVTESTER,APPLICATION PROXY","initial":"","gender":"","title":""},
{"IEN":"55","ssn":"000000999","section":"IRM","full_name":"ZZ IT,MANAGER","initial":"","gender":"","title":"ANALYST"},
{"IEN":"018","ssn":"","section":"IRM","full_name":"Bougram,Jon","initial":"","gender":"","title":"ANALYST"},
{"IEN":"055","ssn":"","section":"IRM","full_name":"Hill,Christian","initial":"","gender":"","title":"ANALYST"},
{"IEN":"01","ssn":"","section":"IRM","full_name":"Thompson,Scott","initial":"","gender":"","title":"ANALYST"}]