[
	{
		"LOINC_NUM": "96766-1",
		"Component": "\"GISAID sequence accession number\"",
		"Property": "ID",
		"Time_Aspct": "Pt",
		"System": "Isolate",
		"Scale_Typ": "Nom",
		"Method_Typ": "",
		"Class": "MICRO",
		"ClassType": "1",
		"\"Long Common Name\"": "\"GISAID sequence accession number\"",
		"Shortname": "\"GISAID seq accession ID\"",
		"External_Copyright_Notice": "",
		"Status": "ACTIVE",
		"VersionFirstReleased": ""
	},
	{
		"LOINC_NUM": "95942-9",
		"Component": "\"Influenza virus A & Influenza virus B & SARS coronavirus+SARS coronavirus 2 Ag panel\"",
		"Property": "-",
		"Time_Aspct": "Pt",
		"System": "Respiratory.upper",
		"Scale_Typ": "-",
		"Method_Typ": "IA.rapid",
		"Class": "PANEL.MICRO",
		"ClassType": "1",
		"\"Long Common Name\"": "\"Influenza virus A and B and SARS-CoV+SARS-CoV-2 (COVID-19) Ag panel - Upper respiratory specimen by Rapid immunoassay\"",
		"Shortname": "\"FLUABV+SARS-CoV Ag Pnl Up resp IA.rapid\"",
		"External_Copyright_Notice": "",
		"Status": "ACTIVE",
		"VersionFirstReleased": "2.69"
	},
	{
		"LOINC_NUM": "95941-1",
		"Component": "\"Influenza virus A & Influenza virus B & SARS coronavirus 2 & Respiratory syncytial virus RNA panel\"",
		"Property": "-",
		"Time_Aspct": "Pt",
		"System": "Respiratory",
		"Scale_Typ": "-",
		"Method_Typ": "Probe.amp.tar",
		"Class": "PANEL.MICRO",
		"ClassType": "1",
		"\"Long Common Name\"": "\"Influenza virus A and B and SARS-CoV-2 (COVID-19) and Respiratory syncytial virus RNA panel - Respiratory specimen by NAA with probe detection\"",
		"Shortname": "\"FLUABV+SARS-CoV-2+RSV Pnl Resp NAA+probe\"",
		"External_Copyright_Notice": "",
		"Status": "ACTIVE",
		"VersionFirstReleased": "2.69"
	},
	{
		"LOINC_NUM": "95380-2",
		"Component": "\"Influenza virus A & Influenza virus B & SARS coronavirus 2 & SARS-related coronavirus RNA panel\"",
		"Property": "-",
		"Time_Aspct": "Pt",
		"System": "Respiratory",
		"Scale_Typ": "-",
		"Method_Typ": "Probe.amp.tar",
		"Class": "PANEL.MICRO",
		"ClassType": "1",
		"\"Long Common Name\"": "\"Influenza virus A and B and SARS-CoV-2 (COVID-19) and SARS-related CoV RNA panel - Respiratory specimen by NAA with probe detection\"",
		"Shortname": "\"FluAB+SARS-CoV-2+SARSr-CoV Resp NAA+prb\"",
		"External_Copyright_Notice": "",
		"Status": "ACTIVE",
		"VersionFirstReleased": "2.69"
	},
	{
		"LOINC_NUM": "95423-0",
		"Component": "\"Influenza virus A & Influenza virus B & SARS coronavirus 2 identified\"",
		"Property": "Prid",
		"Time_Aspct": "Pt",
		"System": "Respiratory",
		"Scale_Typ": "Nom",
		"Method_Typ": "Probe.amp.tar",
		"Class": "MICRO",
		"ClassType": "1",
		"\"Long Common Name\"": "\"Influenza virus A and B and SARS-CoV-2 (COVID-19) identified in Respiratory specimen by NAA with probe detection\"",
		"Shortname": "\"FLUABV + SARS-CoV-2 Resp NAA+probe\"",
		"External_Copyright_Notice": "",
		"Status": "ACTIVE",
		"VersionFirstReleased": "2.69"
	},
	{
		"LOINC_NUM": "95422-2",
		"Component": "\"Influenza virus A & Influenza virus B & SARS coronavirus 2 RNA panel\"",
		"Property": "-",
		"Time_Aspct": "Pt",
		"System": "Respiratory",
		"Scale_Typ": "-",
		"Method_Typ": "Probe.amp.tar",
		"Class": "PANEL.MICRO",
		"ClassType": "1",
		"\"Long Common Name\"": "\"Influenza virus A and B and SARS-CoV-2 (COVID-19) RNA panel - Respiratory specimen by NAA with probe detection\"",
		"Shortname": "\"FLUABV + SARS-CoV-2 Pnl Resp NAA+prb\"",
		"External_Copyright_Notice": "",
		"Status": "ACTIVE",
		"VersionFirstReleased": "2.69"
	},
	{
		"LOINC_NUM": "96896-6",
		"Component": "\"SARS coronavirus 2 clade\"",
		"Property": "Type",
		"Time_Aspct": "Pt",
		"System": "XXX",
		"Scale_Typ": "Nom",
		"Method_Typ": "Molgen",
		"Class": "MICRO",
		"ClassType": "1",
		"\"Long Common Name\"": "\"SARS coronavirus 2 (COVID-19) clade [Type] in Specimen by Molecular genetics method\"",
		"Shortname": "\"SARS-CoV-2 clade Spec\"",
		"External_Copyright_Notice": "",
		"Status": "ACTIVE",
		"VersionFirstReleased": ""
	},
	{
		"LOINC_NUM": "96894-1",
		"Component": "\"SARS coronavirus 2 whole genome sequencing & identification panel\"",
		"Property": "-",
		"Time_Aspct": "Pt",
		"System": "XXX",
		"Scale_Typ": "-",
		"Method_Typ": "Molgen",
		"Class": "PANEL.MICRO",
		"ClassType": "1",
		"\"Long Common Name\"": "\"SARS coronavirus 2 (COVID-19) whole genome sequencing and identification panel - Specimen by Molecular genetics method\"",
		"Shortname": "\"SARS-CoV-2 Seq and ID Pnl Spec\"",
		"External_Copyright_Notice": "",
		"Status": "ACTIVE",
		"VersionFirstReleased": ""
	},
	{
		"LOINC_NUM": "95971-8",
		"Component": "\"SARS coronavirus 2 stimulated gamma interferon\"",
		"Property": "PrThr",
		"Time_Aspct": "Pt",
		"System": "Bld",
		"Scale_Typ": "Ord",
		"Method_Typ": "",
		"Class": "MICRO",
		"ClassType": "1",
		"\"Long Common Name\"": "\"SARS CoV-2 stimulated gamma interferon [Presence] in Blood\"",
		"Shortname": "\"SARS-CoV-2 IFN-g Bld Ql\"",
		"External_Copyright_Notice": "",
		"Status": "ACTIVE",
		"VersionFirstReleased": "2.69"
	},
	{
		"LOINC_NUM": "95974-2",
		"Component": "\"SARS coronavirus 2 stimulated gamma interferon panel\"",
		"Property": "-",
		"Time_Aspct": "Pt",
		"System": "Bld",
		"Scale_Typ": "-",
		"Method_Typ": "",
		"Class": "PANEL.MICRO",
		"ClassType": "1",
		"\"Long Common Name\"": "\"SARS CoV-2 stimulated gamma interferon panel - Blood\"",
		"Shortname": "\"SARS-CoV-2 IFN-g Pnl Bld\"",
		"External_Copyright_Notice": "",
		"Status": "ACTIVE",
		"VersionFirstReleased": "2.69"
	},
	{
		"LOINC_NUM": "95972-6",
		"Component": "\"SARS coronavirus 2 stimulated gamma interferon release by T-cells^^corrected for background\"",
		"Property": "ACnc",
		"Time_Aspct": "Pt",
		"System": "Bld",
		"Scale_Typ": "Qn",
		"Method_Typ": "",
		"Class": "MICRO",
		"ClassType": "1",
		"\"Long Common Name\"": "\"SARS CoV-2 stimulated gamma interferon release by T-cells [Units/volume] corrected for background in Blood\"",
		"Shortname": "\"SARS CoV-2 IFN-g Tcel bkgrd cor Bld-aCnc\"",
		"External_Copyright_Notice": "",
		"Status": "ACTIVE",
		"VersionFirstReleased": "2.69"
	},
	{
		"LOINC_NUM": "95973-4",
		"Component": "\"SARS coronavirus 2 stimulated gamma interferon release by T-cells\"",
		"Property": "ACnc",
		"Time_Aspct": "Pt",
		"System": "Bld",
		"Scale_Typ": "Qn",
		"Method_Typ": "",
		"Class": "MICRO",
		"ClassType": "1",
		"\"Long Common Name\"": "\"SARS CoV-2 stimulated gamma interferon release by T-cells [Units/volume] in Blood\"",
		"Shortname": "\"SARS CoV-2 IFN-g T cells Bld-aCnc\"",
		"External_Copyright_Notice": "",
		"Status": "ACTIVE",
		"VersionFirstReleased": "2.69"
	},
	{
		"LOINC_NUM": "95209-3",
		"Component": "\"SARS coronavirus+SARS coronavirus 2 Ag\"",
		"Property": "PrThr",
		"Time_Aspct": "Pt",
		"System": "Respiratory",
		"Scale_Typ": "Ord",
		"Method_Typ": "IA.rapid",
		"Class": "MICRO",
		"ClassType": "1",
		"\"Long Common Name\"": "\"SARS-CoV+SARS-CoV-2 (COVID-19) Ag [Presence] in Respiratory specimen by Rapid immunoassay\"",
		"Shortname": "\"SARS-CoV+SARS-CoV-2 Ag Resp Ql IA.rapid\"",
		"External_Copyright_Notice": "",
		"Status": "ACTIVE",
		"VersionFirstReleased": "2.68"
	},
	{
		"LOINC_NUM": "94763-0",
		"Component": "\"SARS coronavirus 2\"",
		"Property": "PrThr",
		"Time_Aspct": "Pt",
		"System": "XXX",
		"Scale_Typ": "Ord",
		"Method_Typ": "\"Organism specific culture\"",
		"Class": "MICRO",
		"ClassType": "1",
		"\"Long Common Name\"": "\"SARS-CoV-2 (COVID-19) [Presence] in Specimen by Organism specific culture\"",
		"Shortname": "\"SARS-CoV-2 Spec Ql Cult\"",
		"External_Copyright_Notice": "",
		"Status": "ACTIVE",
		"VersionFirstReleased": "2.68"
	},
	{
		"LOINC_NUM": "94661-6",
		"Component": "\"SARS coronavirus 2 Ab\"",
		"Property": "Imp",
		"Time_Aspct": "Pt",
		"System": "Ser/Plas",
		"Scale_Typ": "Nom",
		"Method_Typ": "",
		"Class": "MICRO",
		"ClassType": "1",
		"\"Long Common Name\"": "\"SARS-CoV-2 (COVID-19) Ab [Interpretation] in Serum or Plasma\"",
		"Shortname": "\"SARS-CoV-2 Ab SerPl-Imp\"",
		"External_Copyright_Notice": "",
		"Status": "ACTIVE",
		"VersionFirstReleased": "2.68"
	},
	{
		"LOINC_NUM": "95825-6",
		"Component": "\"SARS coronavirus 2 Ab\"",
		"Property": "PrThr",
		"Time_Aspct": "Pt",
		"System": "Bld.dot",
		"Scale_Typ": "Ord",
		"Method_Typ": "IA",
		"Class": "MICRO",
		"ClassType": "1",
		"\"Long Common Name\"": "\"SARS-CoV-2 (COVID-19) Ab [Presence] in DBS by Immunoassay\"",
		"Shortname": "\"SARS-CoV-2 Ab DBS Ql IA\"",
		"External_Copyright_Notice": "",
		"Status": "ACTIVE",
		"VersionFirstReleased": "2.69"
	},
	{
		"LOINC_NUM": "94762-2",
		"Component": "\"SARS coronavirus 2 Ab\"",
		"Property": "PrThr",
		"Time_Aspct": "Pt",
		"System": "Ser/Plas",
		"Scale_Typ": "Ord",
		"Method_Typ": "IA",
		"Class": "MICRO",
		"ClassType": "1",
		"\"Long Common Name\"": "\"SARS-CoV-2 (COVID-19) Ab [Presence] in Serum or Plasma by Immunoassay\"",
		"Shortname": "\"SARS-CoV-2 Ab SerPl Ql IA\"",
		"External_Copyright_Notice": "",
		"Status": "ACTIVE",
		"VersionFirstReleased": "2.68"
	},
	{
		"LOINC_NUM": "94769-7",
		"Component": "\"SARS coronavirus 2 Ab\"",
		"Property": "ACnc",
		"Time_Aspct": "Pt",
		"System": "Ser/Plas",
		"Scale_Typ": "Qn",
		"Method_Typ": "IA",
		"Class": "MICRO",
		"ClassType": "1",
		"\"Long Common Name\"": "\"SARS-CoV-2 (COVID-19) Ab [Units/volume] in Serum or Plasma by Immunoassay\"",
		"Shortname": "\"SARS-CoV-2 Ab SerPl IA-aCnc\"",
		"External_Copyright_Notice": "",
		"Status": "ACTIVE",
		"VersionFirstReleased": "2.68"
	},
	{
		"LOINC_NUM": "96118-5",
		"Component": "\"SARS coronavirus 2 Ab panel\"",
		"Property": "-",
		"Time_Aspct": "Pt",
		"System": "Bld.dot",
		"Scale_Typ": "-",
		"Method_Typ": "IA",
		"Class": "PANEL.MICRO",
		"ClassType": "1",
		"\"Long Common Name\"": "\"SARS-CoV-2 (COVID-19) Ab panel - DBS by Immunoassay\"",
		"Shortname": "\"SARS-CoV-2 Ab Pnl DBS IA\"",
		"External_Copyright_Notice": "",
		"Status": "ACTIVE",
		"VersionFirstReleased": "2.69"
	},
	{
		"LOINC_NUM": "94504-8",
		"Component": "\"SARS coronavirus 2 Ab panel\"",
		"Property": "-",
		"Time_Aspct": "Pt",
		"System": "Ser/Plas",
		"Scale_Typ": "-",
		"Method_Typ": "IA",
		"Class": "PANEL.MICRO",
		"ClassType": "1",
		"\"Long Common Name\"": "\"SARS-CoV-2 (COVID-19) Ab panel - Serum or Plasma by Immunoassay\"",
		"Shortname": "\"SARS-CoV-2 Ab Pnl SerPl IA\"",
		"External_Copyright_Notice": "",
		"Status": "ACTIVE",
		"VersionFirstReleased": "2.68"
	},
	{
		"LOINC_NUM": "94503-0",
		"Component": "\"SARS coronavirus 2 Ab panel\"",
		"Property": "-",
		"Time_Aspct": "Pt",
		"System": "Ser/Plas/Bld",
		"Scale_Typ": "-",
		"Method_Typ": "IA.rapid",
		"Class": "PANEL.MICRO",
		"ClassType": "1",
		"\"Long Common Name\"": "\"SARS-CoV-2 (COVID-19) Ab panel - Serum",
		"Shortname": " Plasma or Blood by Rapid immunoassay\"",
		"External_Copyright_Notice": "\"SARS-CoV-2 Ab Pnl SerPlBld IA.rapid\"",
		"Status": "",
		"VersionFirstReleased": "ACTIVE"
	},
	{
		"LOINC_NUM": "94558-4",
		"Component": "\"SARS coronavirus 2 Ag\"",
		"Property": "PrThr",
		"Time_Aspct": "Pt",
		"System": "Respiratory",
		"Scale_Typ": "Ord",
		"Method_Typ": "IA.rapid",
		"Class": "MICRO",
		"ClassType": "1",
		"\"Long Common Name\"": "\"SARS-CoV-2 (COVID-19) Ag [Presence] in Respiratory specimen by Rapid immunoassay\"",
		"Shortname": "\"SARS-CoV-2 Ag Resp Ql IA.rapid\"",
		"External_Copyright_Notice": "",
		"Status": "ACTIVE",
		"VersionFirstReleased": "2.68"
	},
	{
		"LOINC_NUM": "96119-3",
		"Component": "\"SARS coronavirus 2 Ag\"",
		"Property": "PrThr",
		"Time_Aspct": "Pt",
		"System": "Respiratory.upper",
		"Scale_Typ": "Ord",
		"Method_Typ": "IA",
		"Class": "MICRO",
		"ClassType": "1",
		"\"Long Common Name\"": "\"SARS-CoV-2 (COVID-19) Ag [Presence] in Upper respiratory specimen by Immunoassay\"",
		"Shortname": "\"SARS-CoV-2 Ag Upper resp Ql IA\"",
		"External_Copyright_Notice": "",
		"Status": "ACTIVE",
		"VersionFirstReleased": "2.69"
	},
	{
		"LOINC_NUM": "96094-8",
		"Component": "\"SARS coronavirus 2 & SARS-related coronavirus RNA panel\"",
		"Property": "-",
		"Time_Aspct": "Pt",
		"System": "Respiratory",
		"Scale_Typ": "-",
		"Method_Typ": "Probe.amp.tar",
		"Class": "PANEL.MICRO",
		"ClassType": "1",
		"\"Long Common Name\"": "\"SARS-CoV-2 (COVID-19) and SARS-related CoV RNA panel - Respiratory specimen by NAA with probe detection\"",
		"Shortname": "\"SARS-CoV-2+SARSr-CoV pnl Resp NAA+probe\"",
		"External_Copyright_Notice": "",
		"Status": "ACTIVE",
		"VersionFirstReleased": "2.69"
	},
	{
		"LOINC_NUM": "96764-6",
		"Component": "\"SARS coronavirus 2 E gene\"",
		"Property": "ThreshNum",
		"Time_Aspct": "Pt",
		"System": "Respiratory",
		"Scale_Typ": "Qn",
		"Method_Typ": "Probe.amp.tar",
		"Class": "MICRO",
		"ClassType": "1",
		"\"Long Common Name\"": "\"SARS-CoV-2 (COVID-19) E gene [Cycle Threshold #] in Respiratory specimen by NAA with probe detection\"",
		"Shortname": "\"SARS-CoV-2 E gene Ct Resp Qn NAA+probe\"",
		"External_Copyright_Notice": "",
		"Status": "ACTIVE",
		"VersionFirstReleased": ""
	},
	{
		"LOINC_NUM": "96763-8",
		"Component": "\"SARS coronavirus 2 E gene\"",
		"Property": "PrThr",
		"Time_Aspct": "Pt",
		"System": "Respiratory",
		"Scale_Typ": "Ord",
		"Method_Typ": "Probe.amp.tar",
		"Class": "MICRO",
		"ClassType": "1",
		"\"Long Common Name\"": "\"SARS-CoV-2 (COVID-19) E gene [Presence] in Respiratory specimen by NAA with probe detection\"",
		"Shortname": "\"SARS-CoV-2 E gene Resp Ql NAA+probe\"",
		"External_Copyright_Notice": "",
		"Status": "ACTIVE",
		"VersionFirstReleased": ""
	},
	{
		"LOINC_NUM": "94562-6",
		"Component": "\"SARS coronavirus 2 Ab.IgA\"",
		"Property": "PrThr",
		"Time_Aspct": "Pt",
		"System": "Ser/Plas",
		"Scale_Typ": "Ord",
		"Method_Typ": "IA",
		"Class": "MICRO",
		"ClassType": "1",
		"\"Long Common Name\"": "\"SARS-CoV-2 (COVID-19) IgA Ab [Presence] in Serum or Plasma by Immunoassay\"",
		"Shortname": "\"SARS-CoV-2 IgA SerPl Ql IA\"",
		"External_Copyright_Notice": "",
		"Status": "ACTIVE",
		"VersionFirstReleased": "2.68"
	},
	{
		"LOINC_NUM": "94768-9",
		"Component": "\"SARS coronavirus 2 Ab.IgA\"",
		"Property": "PrThr",
		"Time_Aspct": "Pt",
		"System": "Ser/Plas/Bld",
		"Scale_Typ": "Ord",
		"Method_Typ": "IA.rapid",
		"Class": "MICRO",
		"ClassType": "1",
		"\"Long Common Name\"": "\"SARS-CoV-2 (COVID-19) IgA Ab [Presence] in Serum",
		"Shortname": " Plasma or Blood by Rapid immunoassay\"",
		"External_Copyright_Notice": "\"SARS-CoV-2 IgA SerPlBld Ql IA.rapid\"",
		"Status": "",
		"VersionFirstReleased": "ACTIVE"
	},
	{
		"LOINC_NUM": "95427-1",
		"Component": "\"SARS coronavirus 2 Ab.IgA\"",
		"Property": "Titr",
		"Time_Aspct": "Pt",
		"System": "Ser/Plas",
		"Scale_Typ": "Qn",
		"Method_Typ": "IF",
		"Class": "MICRO",
		"ClassType": "1",
		"\"Long Common Name\"": "\"SARS-CoV-2 (COVID-19) IgA Ab [Titer] in Serum or Plasma by Immunofluorescence\"",
		"Shortname": "\"SARS-CoV-2 IgA Titr SerPl IF\"",
		"External_Copyright_Notice": "",
		"Status": "ACTIVE",
		"VersionFirstReleased": "2.69"
	},
	{
		"LOINC_NUM": "94720-0",
		"Component": "\"SARS coronavirus 2 Ab.IgA\"",
		"Property": "ACnc",
		"Time_Aspct": "Pt",
		"System": "Ser/Plas",
		"Scale_Typ": "Qn",
		"Method_Typ": "IA",
		"Class": "MICRO",
		"ClassType": "1",
		"\"Long Common Name\"": "\"SARS-CoV-2 (COVID-19) IgA Ab [Units/volume] in Serum or Plasma by Immunoassay\"",
		"Shortname": "\"SARS-CoV-2 IgA SerPl IA-aCnc\"",
		"External_Copyright_Notice": "",
		"Status": "ACTIVE",
		"VersionFirstReleased": "2.68"
	},
	{
		"LOINC_NUM": "95125-1",
		"Component": "\"SARS coronavirus 2 Ab.IgA+IgM\"",
		"Property": "PrThr",
		"Time_Aspct": "Pt",
		"System": "Ser/Plas",
		"Scale_Typ": "Ord",
		"Method_Typ": "IA",
		"Class": "MICRO",
		"ClassType": "1",
		"\"Long Common Name\"": "\"SARS-CoV-2 (COVID-19) IgA+IgM [Presence] in Serum or Plasma by Immunoassay\"",
		"Shortname": "\"SARS-CoV-2 IgA+IgM SerPl Ql IA\"",
		"External_Copyright_Notice": "",
		"Status": "ACTIVE",
		"VersionFirstReleased": "2.68"
	},
	{
		"LOINC_NUM": "96742-2",
		"Component": "\"SARS coronavirus 2 Ab.IgG\"",
		"Property": "MCnc",
		"Time_Aspct": "Pt",
		"System": "Ser/Plas",
		"Scale_Typ": "Qn",
		"Method_Typ": "IA",
		"Class": "MICRO",
		"ClassType": "1",
		"\"Long Common Name\"": "\"SARS-CoV-2 (COVID-19) IgG Ab [Mass/volume] in Serum or Plasma by Immunoassay\"",
		"Shortname": "\"SARS-CoV-2 IgG SerPl IA-mCnc\"",
		"External_Copyright_Notice": "",
		"Status": "ACTIVE",
		"VersionFirstReleased": ""
	},
	{
		"LOINC_NUM": "94761-4",
		"Component": "\"SARS coronavirus 2 Ab.IgG\"",
		"Property": "PrThr",
		"Time_Aspct": "Pt",
		"System": "Bld.dot",
		"Scale_Typ": "Ord",
		"Method_Typ": "IA",
		"Class": "MICRO",
		"ClassType": "1",
		"\"Long Common Name\"": "\"SARS-CoV-2 (COVID-19) IgG Ab [Presence] in DBS by Immunoassay\"",
		"Shortname": "\"SARS-CoV-2 IgG DBS Ql IA\"",
		"External_Copyright_Notice": "",
		"Status": "ACTIVE",
		"VersionFirstReleased": "2.68"
	},
	{
		"LOINC_NUM": "94563-4",
		"Component": "\"SARS coronavirus 2 Ab.IgG\"",
		"Property": "PrThr",
		"Time_Aspct": "Pt",
		"System": "Ser/Plas",
		"Scale_Typ": "Ord",
		"Method_Typ": "IA",
		"Class": "MICRO",
		"ClassType": "1",
		"\"Long Common Name\"": "\"SARS-CoV-2 (COVID-19) IgG Ab [Presence] in Serum or Plasma by Immunoassay\"",
		"Shortname": "\"SARS-CoV-2 IgG SerPl Ql IA\"",
		"External_Copyright_Notice": "",
		"Status": "ACTIVE",
		"VersionFirstReleased": "2.68"
	},
	{
		"LOINC_NUM": "94507-1",
		"Component": "\"SARS coronavirus 2 Ab.IgG\"",
		"Property": "PrThr",
		"Time_Aspct": "Pt",
		"System": "Ser/Plas/Bld",
		"Scale_Typ": "Ord",
		"Method_Typ": "IA.rapid",
		"Class": "MICRO",
		"ClassType": "1",
		"\"Long Common Name\"": "\"SARS-CoV-2 (COVID-19) IgG Ab [Presence] in Serum",
		"Shortname": " Plasma or Blood by Rapid immunoassay\"",
		"External_Copyright_Notice": "\"SARS-CoV-2 IgG SerPlBld Ql IA.rapid\"",
		"Status": "",
		"VersionFirstReleased": "ACTIVE"
	},
	{
		"LOINC_NUM": "95429-7",
		"Component": "\"SARS coronavirus 2 Ab.IgG\"",
		"Property": "Titr",
		"Time_Aspct": "Pt",
		"System": "Ser/Plas",
		"Scale_Typ": "Qn",
		"Method_Typ": "IF",
		"Class": "MICRO",
		"ClassType": "1",
		"\"Long Common Name\"": "\"SARS-CoV-2 (COVID-19) IgG Ab [Titer] in Serum or Plasma by Immunofluorescence\"",
		"Shortname": "\"SARS-CoV-2 IgG Titr SerPl IF\"",
		"External_Copyright_Notice": "",
		"Status": "ACTIVE",
		"VersionFirstReleased": "2.69"
	},
	{
		"LOINC_NUM": "94505-5",
		"Component": "\"SARS coronavirus 2 Ab.IgG\"",
		"Property": "ACnc",
		"Time_Aspct": "Pt",
		"System": "Ser/Plas",
		"Scale_Typ": "Qn",
		"Method_Typ": "IA",
		"Class": "MICRO",
		"ClassType": "1",
		"\"Long Common Name\"": "\"SARS-CoV-2 (COVID-19) IgG Ab [Units/volume] in Serum or Plasma by Immunoassay\"",
		"Shortname": "\"SARS-CoV-2 IgG SerPl IA-aCnc\"",
		"External_Copyright_Notice": "",
		"Status": "ACTIVE",
		"VersionFirstReleased": "2.68"
	},
	{
		"LOINC_NUM": "94547-7",
		"Component": "\"SARS coronavirus 2 Ab.IgG+IgM\"",
		"Property": "PrThr",
		"Time_Aspct": "Pt",
		"System": "Ser/Plas",
		"Scale_Typ": "Ord",
		"Method_Typ": "IA",
		"Class": "MICRO",
		"ClassType": "1",
		"\"Long Common Name\"": "\"SARS-CoV-2 (COVID-19) IgG+IgM Ab [Presence] in Serum or Plasma by Immunoassay\"",
		"Shortname": "\"SARS-CoV-2 IgG+IgM SerPl Ql IA\"",
		"External_Copyright_Notice": "",
		"Status": "ACTIVE",
		"VersionFirstReleased": "2.68"
	},
	{
		"LOINC_NUM": "95542-7",
		"Component": "\"SARS coronavirus 2 Ab.IgG+IgM\"",
		"Property": "PrThr",
		"Time_Aspct": "Pt",
		"System": "Ser/Plas/Bld",
		"Scale_Typ": "Ord",
		"Method_Typ": "IA.rapid",
		"Class": "MICRO",
		"ClassType": "1",
		"\"Long Common Name\"": "\"SARS-CoV-2 (COVID-19) IgG+IgM Ab [Presence] in Serum",
		"Shortname": " Plasma or Blood by Rapid immunoassay\"",
		"External_Copyright_Notice": "\"SARS-CoV-2 IgG+IgM SerPlBld Ql IA.rapid\"",
		"Status": "",
		"VersionFirstReleased": "ACTIVE"
	},
	{
		"LOINC_NUM": "95416-4",
		"Component": "\"SARS coronavirus 2 Ab.IgM\"",
		"Property": "PrThr",
		"Time_Aspct": "Pt",
		"System": "Bld.dot",
		"Scale_Typ": "Ord",
		"Method_Typ": "IA",
		"Class": "MICRO",
		"ClassType": "1",
		"\"Long Common Name\"": "\"SARS-CoV-2 (COVID-19) IgM Ab [Presence] in DBS by Immunoassay\"",
		"Shortname": "\"SARS-CoV-2 IgM DBS Ql IA\"",
		"External_Copyright_Notice": "",
		"Status": "ACTIVE",
		"VersionFirstReleased": "2.68"
	},
	{
		"LOINC_NUM": "94564-2",
		"Component": "\"SARS coronavirus 2 Ab.IgM\"",
		"Property": "PrThr",
		"Time_Aspct": "Pt",
		"System": "Ser/Plas",
		"Scale_Typ": "Ord",
		"Method_Typ": "IA",
		"Class": "MICRO",
		"ClassType": "1",
		"\"Long Common Name\"": "\"SARS-CoV-2 (COVID-19) IgM Ab [Presence] in Serum or Plasma by Immunoassay\"",
		"Shortname": "\"SARS-CoV-2 IgM SerPl Ql IA\"",
		"External_Copyright_Notice": "",
		"Status": "ACTIVE",
		"VersionFirstReleased": "2.68"
	},
	{
		"LOINC_NUM": "94508-9",
		"Component": "\"SARS coronavirus 2 Ab.IgM\"",
		"Property": "PrThr",
		"Time_Aspct": "Pt",
		"System": "Ser/Plas/Bld",
		"Scale_Typ": "Ord",
		"Method_Typ": "IA.rapid",
		"Class": "MICRO",
		"ClassType": "1",
		"\"Long Common Name\"": "\"SARS-CoV-2 (COVID-19) IgM Ab [Presence] in Serum",
		"Shortname": " Plasma or Blood by Rapid immunoassay\"",
		"External_Copyright_Notice": "\"SARS-CoV-2 IgM SerPlBld Ql IA.rapid\"",
		"Status": "",
		"VersionFirstReleased": "ACTIVE"
	},
	{
		"LOINC_NUM": "95428-9",
		"Component": "\"SARS coronavirus 2 Ab.IgM\"",
		"Property": "Titr",
		"Time_Aspct": "Pt",
		"System": "Ser/Plas",
		"Scale_Typ": "Qn",
		"Method_Typ": "IF",
		"Class": "MICRO",
		"ClassType": "1",
		"\"Long Common Name\"": "\"SARS-CoV-2 (COVID-19) IgM Ab [Titer] in Serum or Plasma by Immunofluorescence\"",
		"Shortname": "\"SARS-CoV-2 IgM Titr SerPl IF\"",
		"External_Copyright_Notice": "",
		"Status": "ACTIVE",
		"VersionFirstReleased": "2.69"
	},
	{
		"LOINC_NUM": "94506-3",
		"Component": "\"SARS coronavirus 2 Ab.IgM\"",
		"Property": "ACnc",
		"Time_Aspct": "Pt",
		"System": "Ser/Plas",
		"Scale_Typ": "Qn",
		"Method_Typ": "IA",
		"Class": "MICRO",
		"ClassType": "1",
		"\"Long Common Name\"": "\"SARS-CoV-2 (COVID-19) IgM Ab [Units/volume] in Serum or Plasma by Immunoassay\"",
		"Shortname": "\"SARS-CoV-2 IgM SerPl IA-aCnc\"",
		"External_Copyright_Notice": "",
		"Status": "ACTIVE",
		"VersionFirstReleased": "2.68"
	},
	{
		"LOINC_NUM": "96895-8",
		"Component": "\"SARS coronavirus 2 lineage\"",
		"Property": "Prid",
		"Time_Aspct": "Pt",
		"System": "XXX",
		"Scale_Typ": "Nom",
		"Method_Typ": "Molgen",
		"Class": "MICRO",
		"ClassType": "1",
		"\"Long Common Name\"": "\"SARS-CoV-2 (COVID-19) lineage [Identifier] in Specimen by Molecular genetics method\"",
		"Shortname": "\"SARS-CoV-2 lineage Spec\"",
		"External_Copyright_Notice": "",
		"Status": "ACTIVE",
		"VersionFirstReleased": ""
	},
	{
		"LOINC_NUM": "95521-1",
		"Component": "\"SARS coronavirus 2 N gene\"",
		"Property": "NCnc",
		"Time_Aspct": "Pt",
		"System": "Respiratory",
		"Scale_Typ": "Qn",
		"Method_Typ": "Probe.amp.tar",
		"Class": "MICRO",
		"ClassType": "1",
		"\"Long Common Name\"": "\"SARS-CoV-2 (COVID-19) N gene [#/volume] (viral load) in Respiratory specimen by NAA with probe detection\"",
		"Shortname": "\"SARS-CoV-2 N gene # Resp NAA+probe\"",
		"External_Copyright_Notice": "",
		"Status": "ACTIVE",
		"VersionFirstReleased": "2.69"
	},
	{
		"LOINC_NUM": "96898-2",
		"Component": "\"SARS coronavirus 2 N gene\"",
		"Property": "ThreshNum",
		"Time_Aspct": "Pt",
		"System": "\"Oropharyngeal wash\"",
		"Scale_Typ": "Qn",
		"Method_Typ": "Probe.amp.tar",
		"Class": "MICRO",
		"ClassType": "1",
		"\"Long Common Name\"": "\"SARS-CoV-2 (COVID-19) N gene [Cycle Threshold #] in Oropharyngeal wash by NAA with probe detection\"",
		"Shortname": "\"SARS-CoV-2 N gene Ct OPA wash Qn NAA+prb\"",
		"External_Copyright_Notice": "",
		"Status": "ACTIVE",
		"VersionFirstReleased": ""
	},
	{
		"LOINC_NUM": "94510-5",
		"Component": "\"SARS coronavirus 2 N gene\"",
		"Property": "ThreshNum",
		"Time_Aspct": "Pt",
		"System": "XXX",
		"Scale_Typ": "Qn",
		"Method_Typ": "Probe.amp.tar",
		"Class": "MICRO",
		"ClassType": "1",
		"\"Long Common Name\"": "\"SARS-CoV-2 (COVID-19) N gene [Cycle Threshold #] in Specimen by NAA with probe detection\"",
		"Shortname": "\"SARS-CoV-2 N gene Ct Spec Qn NAA+probe\"",
		"External_Copyright_Notice": "",
		"Status": "ACTIVE",
		"VersionFirstReleased": "2.68"
	},
	{
		"LOINC_NUM": "94311-8",
		"Component": "\"SARS coronavirus 2 N gene\"",
		"Property": "ThreshNum",
		"Time_Aspct": "Pt",
		"System": "XXX",
		"Scale_Typ": "Qn",
		"Method_Typ": "\"Probe.amp.tar.CDC primer-probe set N1\"",
		"Class": "MICRO",
		"ClassType": "1",
		"\"Long Common Name\"": "\"SARS-CoV-2 (COVID-19) N gene [Cycle Threshold #] in Specimen by Nucleic acid amplification using CDC primer-probe set N1\"",
		"Shortname": "\"SARS-CoV-2 N gene Ct Spec Qn NAA N1\"",
		"External_Copyright_Notice": "",
		"Status": "ACTIVE",
		"VersionFirstReleased": "2.68"
	},
	{
		"LOINC_NUM": "94312-6",
		"Component": "\"SARS coronavirus 2 N gene\"",
		"Property": "ThreshNum",
		"Time_Aspct": "Pt",
		"System": "XXX",
		"Scale_Typ": "Qn",
		"Method_Typ": "\"Probe.amp.tar.CDC primer-probe set N2\"",
		"Class": "MICRO",
		"ClassType": "1",
		"\"Long Common Name\"": "\"SARS-CoV-2 (COVID-19) N gene [Cycle Threshold #] in Specimen by Nucleic acid amplification using CDC primer-probe set N2\"",
		"Shortname": "\"SARS-CoV-2 N gene Ct Spec Qn NAA N2\"",
		"External_Copyright_Notice": "",
		"Status": "ACTIVE",
		"VersionFirstReleased": "2.68"
	},
	{
		"LOINC_NUM": "95522-9",
		"Component": "\"SARS coronavirus 2 N gene\"",
		"Property": "LnCnc",
		"Time_Aspct": "Pt",
		"System": "Respiratory",
		"Scale_Typ": "Qn",
		"Method_Typ": "Probe.amp.tar",
		"Class": "MICRO",
		"ClassType": "1",
		"\"Long Common Name\"": "\"SARS-CoV-2 (COVID-19) N gene [Log #/volume] (viral load) in Respiratory specimen by NAA with probe detection\"",
		"Shortname": "\"SARS-CoV-2 N gene Resp NAA+probe-Log#\"",
		"External_Copyright_Notice": "",
		"Status": "ACTIVE",
		"VersionFirstReleased": "2.69"
	},
	{
		"LOINC_NUM": "94760-6",
		"Component": "\"SARS coronavirus 2 N gene\"",
		"Property": "PrThr",
		"Time_Aspct": "Pt",
		"System": "Nph",
		"Scale_Typ": "Ord",
		"Method_Typ": "Probe.amp.tar",
		"Class": "MICRO",
		"ClassType": "1",
		"\"Long Common Name\"": "\"SARS-CoV-2 (COVID-19) N gene [Presence] in Nasopharynx by NAA with probe detection\"",
		"Shortname": "\"SARS-CoV-2 N gene Nph Ql NAA+probe\"",
		"External_Copyright_Notice": "",
		"Status": "ACTIVE",
		"VersionFirstReleased": "2.68"
	},
	{
		"LOINC_NUM": "95409-9",
		"Component": "\"SARS coronavirus 2 N gene\"",
		"Property": "PrThr",
		"Time_Aspct": "Pt",
		"System": "Nose",
		"Scale_Typ": "Ord",
		"Method_Typ": "Probe.amp.tar",
		"Class": "MICRO",
		"ClassType": "1",
		"\"Long Common Name\"": "\"SARS-CoV-2 (COVID-19) N gene [Presence] in Nose by NAA with probe detection\"",
		"Shortname": "\"SARS-CoV-2 N gene Nose Ql NAA+probe\"",
		"External_Copyright_Notice": "",
		"Status": "ACTIVE",
		"VersionFirstReleased": "2.68"
	},
	{
		"LOINC_NUM": "94533-7",
		"Component": "\"SARS coronavirus 2 N gene\"",
		"Property": "PrThr",
		"Time_Aspct": "Pt",
		"System": "Respiratory",
		"Scale_Typ": "Ord",
		"Method_Typ": "Probe.amp.tar",
		"Class": "MICRO",
		"ClassType": "1",
		"\"Long Common Name\"": "\"SARS-CoV-2 (COVID-19) N gene [Presence] in Respiratory specimen by NAA with probe detection\"",
		"Shortname": "\"SARS-CoV-2 N gene Resp Ql NAA+probe\"",
		"External_Copyright_Notice": "",
		"Status": "ACTIVE",
		"VersionFirstReleased": "2.68"
	},
	{
		"LOINC_NUM": "94756-4",
		"Component": "\"SARS coronavirus 2 N gene\"",
		"Property": "PrThr",
		"Time_Aspct": "Pt",
		"System": "Respiratory",
		"Scale_Typ": "Ord",
		"Method_Typ": "\"Probe.amp.tar.CDC primer-probe set N1\"",
		"Class": "MICRO",
		"ClassType": "1",
		"\"Long Common Name\"": "\"SARS-CoV-2 (COVID-19) N gene [Presence] in Respiratory specimen by Nucleic acid amplification using CDC primer-probe set N1\"",
		"Shortname": "\"SARS-CoV-2 N gene Resp Ql NAA N1\"",
		"External_Copyright_Notice": "",
		"Status": "ACTIVE",
		"VersionFirstReleased": "2.68"
	},
	{
		"LOINC_NUM": "94757-2",
		"Component": "\"SARS coronavirus 2 N gene\"",
		"Property": "PrThr",
		"Time_Aspct": "Pt",
		"System": "Respiratory",
		"Scale_Typ": "Ord",
		"Method_Typ": "\"Probe.amp.tar.CDC primer-probe set N2\"",
		"Class": "MICRO",
		"ClassType": "1",
		"\"Long Common Name\"": "\"SARS-CoV-2 (COVID-19) N gene [Presence] in Respiratory specimen by Nucleic acid amplification using CDC primer-probe set N2\"",
		"Shortname": "\"SARS-CoV-2 N gene Resp Ql NAA N2\"",
		"External_Copyright_Notice": "",
		"Status": "ACTIVE",
		"VersionFirstReleased": "2.68"
	},
	{
		"LOINC_NUM": "95425-5",
		"Component": "\"SARS coronavirus 2 N gene\"",
		"Property": "PrThr",
		"Time_Aspct": "Pt",
		"System": "Saliva",
		"Scale_Typ": "Ord",
		"Method_Typ": "Probe.amp.tar",
		"Class": "MICRO",
		"ClassType": "1",
		"\"Long Common Name\"": "\"SARS-CoV-2 (COVID-19) N gene [Presence] in Saliva (oral fluid) by NAA with probe detection\"",
		"Shortname": "\"SARS-CoV-2 N gene Sal Ql NAA+probe\"",
		"External_Copyright_Notice": "",
		"Status": "ACTIVE",
		"VersionFirstReleased": "2.69"
	},
	{
		"LOINC_NUM": "96448-6",
		"Component": "\"SARS coronavirus 2 N gene\"",
		"Property": "PrThr",
		"Time_Aspct": "Pt",
		"System": "Saliva",
		"Scale_Typ": "Ord",
		"Method_Typ": "\"Probe.amp.tar.CDC primer-probe set N1\"",
		"Class": "MICRO",
		"ClassType": "1",
		"\"Long Common Name\"": "\"SARS-CoV-2 (COVID-19) N gene [Presence] in Saliva (oral fluid) by Nucleic acid amplification using CDC primer-probe set N1\"",
		"Shortname": "\"SARS-CoV-2 N gene Sal Ql NAA N1\"",
		"External_Copyright_Notice": "",
		"Status": "ACTIVE",
		"VersionFirstReleased": "2.69"
	},
	{
		"LOINC_NUM": "94766-3",
		"Component": "\"SARS coronavirus 2 N gene\"",
		"Property": "PrThr",
		"Time_Aspct": "Pt",
		"System": "Ser/Plas",
		"Scale_Typ": "Ord",
		"Method_Typ": "Probe.amp.tar",
		"Class": "MICRO",
		"ClassType": "1",
		"\"Long Common Name\"": "\"SARS-CoV-2 (COVID-19) N gene [Presence] in Serum or Plasma by NAA with probe detection\"",
		"Shortname": "\"SARS-CoV-2 N gene SerPl Ql NAA+probe\"",
		"External_Copyright_Notice": "",
		"Status": "ACTIVE",
		"VersionFirstReleased": "2.68"
	},
	{
		"LOINC_NUM": "94316-7",
		"Component": "\"SARS coronavirus 2 N gene\"",
		"Property": "PrThr",
		"Time_Aspct": "Pt",
		"System": "XXX",
		"Scale_Typ": "Ord",
		"Method_Typ": "Probe.amp.tar",
		"Class": "MICRO",
		"ClassType": "1",
		"\"Long Common Name\"": "\"SARS-CoV-2 (COVID-19) N gene [Presence] in Specimen by NAA with probe detection\"",
		"Shortname": "\"SARS-CoV-2 N gene Spec Ql NAA+probe\"",
		"External_Copyright_Notice": "",
		"Status": "ACTIVE",
		"VersionFirstReleased": "2.68"
	},
	{
		"LOINC_NUM": "94307-6",
		"Component": "\"SARS coronavirus 2 N gene\"",
		"Property": "PrThr",
		"Time_Aspct": "Pt",
		"System": "XXX",
		"Scale_Typ": "Ord",
		"Method_Typ": "\"Probe.amp.tar.CDC primer-probe set N1\"",
		"Class": "MICRO",
		"ClassType": "1",
		"\"Long Common Name\"": "\"SARS-CoV-2 (COVID-19) N gene [Presence] in Specimen by Nucleic acid amplification using CDC primer-probe set N1\"",
		"Shortname": "\"SARS-CoV-2 N gene Spec Ql NAA N1\"",
		"External_Copyright_Notice": "",
		"Status": "ACTIVE",
		"VersionFirstReleased": "2.68"
	},
	{
		"LOINC_NUM": "94308-4",
		"Component": "\"SARS coronavirus 2 N gene\"",
		"Property": "PrThr",
		"Time_Aspct": "Pt",
		"System": "XXX",
		"Scale_Typ": "Ord",
		"Method_Typ": "\"Probe.amp.tar.CDC primer-probe set N2\"",
		"Class": "MICRO",
		"ClassType": "1",
		"\"Long Common Name\"": "\"SARS-CoV-2 (COVID-19) N gene [Presence] in Specimen by Nucleic acid amplification using CDC primer-probe set N2\"",
		"Shortname": "\"SARS-CoV-2 N gene Spec Ql NAA N2\"",
		"External_Copyright_Notice": "",
		"Status": "ACTIVE",
		"VersionFirstReleased": "2.68"
	},
	{
		"LOINC_NUM": "95411-5",
		"Component": "\"SARS coronavirus 2 Ab.neut\"",
		"Property": "PrThr",
		"Time_Aspct": "Pt",
		"System": "Ser",
		"Scale_Typ": "Ord",
		"Method_Typ": "pVNT",
		"Class": "MICRO",
		"ClassType": "1",
		"\"Long Common Name\"": "\"SARS-CoV-2 (COVID-19) neutralizing antibody [Presence] in Serum by pVNT\"",
		"Shortname": "\"SARS-CoV-2 NAb Ser Ql pVNT\"",
		"External_Copyright_Notice": "",
		"Status": "ACTIVE",
		"VersionFirstReleased": "2.68"
	},
	{
		"LOINC_NUM": "95410-7",
		"Component": "\"SARS coronavirus 2 Ab.neut\"",
		"Property": "Titr",
		"Time_Aspct": "Pt",
		"System": "Ser",
		"Scale_Typ": "Qn",
		"Method_Typ": "pVNT",
		"Class": "MICRO",
		"ClassType": "1",
		"\"Long Common Name\"": "\"SARS-CoV-2 (COVID-19) neutralizing antibody [Titer] in Serum by pVNT\"",
		"Shortname": "\"SARS-CoV-2 NAb Titr Ser pVNT\"",
		"External_Copyright_Notice": "",
		"Status": "ACTIVE",
		"VersionFirstReleased": "2.68"
	},
	{
		"LOINC_NUM": "96899-0",
		"Component": "\"SARS coronavirus 2 ORF1ab region\"",
		"Property": "ThreshNum",
		"Time_Aspct": "Pt",
		"System": "\"Oropharyngeal wash\"",
		"Scale_Typ": "Qn",
		"Method_Typ": "Probe.amp.tar",
		"Class": "MICRO",
		"ClassType": "1",
		"\"Long Common Name\"": "\"SARS-CoV-2 (COVID-19) ORF1ab region [Cycle Threshold #] in Oropharyngeal wash by NAA with probe detection\"",
		"Shortname": "\"SARS-CoV-2 ORF1ab Ct OPA wash Qn NAA+prb\"",
		"External_Copyright_Notice": "",
		"Status": "ACTIVE",
		"VersionFirstReleased": ""
	},
	{
		"LOINC_NUM": "94644-2",
		"Component": "\"SARS coronavirus 2 ORF1ab region\"",
		"Property": "ThreshNum",
		"Time_Aspct": "Pt",
		"System": "Respiratory",
		"Scale_Typ": "Qn",
		"Method_Typ": "Probe.amp.tar",
		"Class": "MICRO",
		"ClassType": "1",
		"\"Long Common Name\"": "\"SARS-CoV-2 (COVID-19) ORF1ab region [Cycle Threshold #] in Respiratory specimen by NAA with probe detection\"",
		"Shortname": "\"SARS-CoV-2 ORF1ab Ct Resp Qn NAA+probe\"",
		"External_Copyright_Notice": "",
		"Status": "ACTIVE",
		"VersionFirstReleased": "2.68"
	},
	{
		"LOINC_NUM": "94511-3",
		"Component": "\"SARS coronavirus 2 ORF1ab region\"",
		"Property": "ThreshNum",
		"Time_Aspct": "Pt",
		"System": "XXX",
		"Scale_Typ": "Qn",
		"Method_Typ": "Probe.amp.tar",
		"Class": "MICRO",
		"ClassType": "1",
		"\"Long Common Name\"": "\"SARS-CoV-2 (COVID-19) ORF1ab region [Cycle Threshold #] in Specimen by NAA with probe detection\"",
		"Shortname": "\"SARS-CoV-2 ORF1ab Ct Spec Qn NAA+probe\"",
		"External_Copyright_Notice": "",
		"Status": "ACTIVE",
		"VersionFirstReleased": "2.68"
	},
	{
		"LOINC_NUM": "94559-2",
		"Component": "\"SARS coronavirus 2 ORF1ab region\"",
		"Property": "PrThr",
		"Time_Aspct": "Pt",
		"System": "Respiratory",
		"Scale_Typ": "Ord",
		"Method_Typ": "Probe.amp.tar",
		"Class": "MICRO",
		"ClassType": "1",
		"\"Long Common Name\"": "\"SARS-CoV-2 (COVID-19) ORF1ab region [Presence] in Respiratory specimen by NAA with probe detection\"",
		"Shortname": "\"SARS-CoV-2 ORF1ab Resp Ql NAA+probe\"",
		"External_Copyright_Notice": "",
		"Status": "ACTIVE",
		"VersionFirstReleased": "2.68"
	},
	{
		"LOINC_NUM": "95824-9",
		"Component": "\"SARS coronavirus 2 ORF1ab region\"",
		"Property": "PrThr",
		"Time_Aspct": "Pt",
		"System": "Saliva",
		"Scale_Typ": "Ord",
		"Method_Typ": "Probe.amp.tar",
		"Class": "MICRO",
		"ClassType": "1",
		"\"Long Common Name\"": "\"SARS-CoV-2 (COVID-19) ORF1ab region [Presence] in Saliva (oral fluid) by NAA with probe detection\"",
		"Shortname": "\"SARS-CoV-2 ORF1ab Sal Ql NAA+probe\"",
		"External_Copyright_Notice": "",
		"Status": "ACTIVE",
		"VersionFirstReleased": "2.69"
	},
	{
		"LOINC_NUM": "94639-2",
		"Component": "\"SARS coronavirus 2 ORF1ab region\"",
		"Property": "PrThr",
		"Time_Aspct": "Pt",
		"System": "XXX",
		"Scale_Typ": "Ord",
		"Method_Typ": "Probe.amp.tar",
		"Class": "MICRO",
		"ClassType": "1",
		"\"Long Common Name\"": "\"SARS-CoV-2 (COVID-19) ORF1ab region [Presence] in Specimen by NAA with probe detection\"",
		"Shortname": "\"SARS-CoV-2 ORF1ab Spec Ql NAA+probe\"",
		"External_Copyright_Notice": "",
		"Status": "ACTIVE",
		"VersionFirstReleased": "2.68"
	},
	{
		"LOINC_NUM": "94646-7",
		"Component": "\"SARS coronavirus 2 RdRp gene\"",
		"Property": "ThreshNum",
		"Time_Aspct": "Pt",
		"System": "Respiratory",
		"Scale_Typ": "Qn",
		"Method_Typ": "Probe.amp.tar",
		"Class": "MICRO",
		"ClassType": "1",
		"\"Long Common Name\"": "\"SARS-CoV-2 (COVID-19) RdRp gene [Cycle Threshold #] in Respiratory specimen by NAA with probe detection\"",
		"Shortname": "\"SARS-CoV-2 RdRp Ct Resp Qn NAA+probe\"",
		"External_Copyright_Notice": "",
		"Status": "ACTIVE",
		"VersionFirstReleased": "2.68"
	},
	{
		"LOINC_NUM": "94645-9",
		"Component": "\"SARS coronavirus 2 RdRp gene\"",
		"Property": "ThreshNum",
		"Time_Aspct": "Pt",
		"System": "XXX",
		"Scale_Typ": "Qn",
		"Method_Typ": "Probe.amp.tar",
		"Class": "MICRO",
		"ClassType": "1",
		"\"Long Common Name\"": "\"SARS-CoV-2 (COVID-19) RdRp gene [Cycle Threshold #] in Specimen by NAA with probe detection\"",
		"Shortname": "\"SARS-CoV-2 RdRp Ct Spec Qn NAA+probe\"",
		"External_Copyright_Notice": "",
		"Status": "ACTIVE",
		"VersionFirstReleased": "2.68"
	},
	{
		"LOINC_NUM": "96120-1",
		"Component": "\"SARS coronavirus 2 RdRp gene\"",
		"Property": "PrThr",
		"Time_Aspct": "Pt",
		"System": "Respiratory.lower",
		"Scale_Typ": "Ord",
		"Method_Typ": "Probe.amp.tar",
		"Class": "MICRO",
		"ClassType": "1",
		"\"Long Common Name\"": "\"SARS-CoV-2 (COVID-19) RdRp gene [Presence] in Lower respiratory specimen by NAA with probe detection\"",
		"Shortname": "\"SARS-CoV-2 RdRp Lower resp Ql NAA+probe\"",
		"External_Copyright_Notice": "",
		"Status": "ACTIVE",
		"VersionFirstReleased": "2.69"
	},
	{
		"LOINC_NUM": "94534-5",
		"Component": "\"SARS coronavirus 2 RdRp gene\"",
		"Property": "PrThr",
		"Time_Aspct": "Pt",
		"System": "Respiratory",
		"Scale_Typ": "Ord",
		"Method_Typ": "Probe.amp.tar",
		"Class": "MICRO",
		"ClassType": "1",
		"\"Long Common Name\"": "\"SARS-CoV-2 (COVID-19) RdRp gene [Presence] in Respiratory specimen by NAA with probe detection\"",
		"Shortname": "\"SARS-CoV-2 RdRp Resp Ql NAA+probe\"",
		"External_Copyright_Notice": "",
		"Status": "ACTIVE",
		"VersionFirstReleased": "2.68"
	},
	{
		"LOINC_NUM": "96091-4",
		"Component": "\"SARS coronavirus 2 RdRp gene\"",
		"Property": "PrThr",
		"Time_Aspct": "Pt",
		"System": "Saliva",
		"Scale_Typ": "Ord",
		"Method_Typ": "Probe.amp.tar",
		"Class": "MICRO",
		"ClassType": "1",
		"\"Long Common Name\"": "\"SARS-CoV-2 (COVID-19) RdRp gene [Presence] in Saliva (oral fluid) by NAA with probe detection\"",
		"Shortname": "\"SARS-CoV-2 RdRp Sal Ql NAA+probe\"",
		"External_Copyright_Notice": "",
		"Status": "ACTIVE",
		"VersionFirstReleased": "2.69"
	},
	{
		"LOINC_NUM": "94314-2",
		"Component": "\"SARS coronavirus 2 RdRp gene\"",
		"Property": "PrThr",
		"Time_Aspct": "Pt",
		"System": "XXX",
		"Scale_Typ": "Ord",
		"Method_Typ": "Probe.amp.tar",
		"Class": "MICRO",
		"ClassType": "1",
		"\"Long Common Name\"": "\"SARS-CoV-2 (COVID-19) RdRp gene [Presence] in Specimen by NAA with probe detection\"",
		"Shortname": "\"SARS-CoV-2 RdRp Spec Ql NAA+probe\"",
		"External_Copyright_Notice": "",
		"Status": "ACTIVE",
		"VersionFirstReleased": "2.68"
	},
	{
		"LOINC_NUM": "96123-5",
		"Component": "\"SARS coronavirus 2 RdRp gene\"",
		"Property": "PrThr",
		"Time_Aspct": "Pt",
		"System": "Respiratory.upper",
		"Scale_Typ": "Ord",
		"Method_Typ": "Probe.amp.tar",
		"Class": "MICRO",
		"ClassType": "1",
		"\"Long Common Name\"": "\"SARS-CoV-2 (COVID-19) RdRp gene [Presence] in Upper respiratory specimen by NAA with probe detection\"",
		"Shortname": "\"SARS-CoV-2 RdRp Upper resp Ql NAA+probe\"",
		"External_Copyright_Notice": "",
		"Status": "ACTIVE",
		"VersionFirstReleased": "2.69"
	},
	{
		"LOINC_NUM": "94745-7",
		"Component": "\"SARS coronavirus 2 RNA\"",
		"Property": "ThreshNum",
		"Time_Aspct": "Pt",
		"System": "Respiratory",
		"Scale_Typ": "Qn",
		"Method_Typ": "Probe.amp.tar",
		"Class": "MICRO",
		"ClassType": "1",
		"\"Long Common Name\"": "\"SARS-CoV-2 (COVID-19) RNA [Cycle Threshold #] in Respiratory specimen by NAA with probe detection\"",
		"Shortname": "\"SARS-CoV-2 RNA Ct Resp Qn NAA+probe\"",
		"External_Copyright_Notice": "",
		"Status": "ACTIVE",
		"VersionFirstReleased": "2.68"
	},
	{
		"LOINC_NUM": "94746-5",
		"Component": "\"SARS coronavirus 2 RNA\"",
		"Property": "ThreshNum",
		"Time_Aspct": "Pt",
		"System": "XXX",
		"Scale_Typ": "Qn",
		"Method_Typ": "Probe.amp.tar",
		"Class": "MICRO",
		"ClassType": "1",
		"\"Long Common Name\"": "\"SARS-CoV-2 (COVID-19) RNA [Cycle Threshold #] in Specimen by NAA with probe detection\"",
		"Shortname": "\"SARS-CoV-2 RNA Ct Spec Qn NAA+probe\"",
		"External_Copyright_Notice": "",
		"Status": "ACTIVE",
		"VersionFirstReleased": "2.68"
	},
	{
		"LOINC_NUM": "94819-0",
		"Component": "\"SARS coronavirus 2 RNA\"",
		"Property": "LnCnc",
		"Time_Aspct": "Pt",
		"System": "XXX",
		"Scale_Typ": "Qn",
		"Method_Typ": "Probe.amp.tar",
		"Class": "MICRO",
		"ClassType": "1",
		"\"Long Common Name\"": "\"SARS-CoV-2 (COVID-19) RNA [Log #/volume] (viral load) in Specimen by NAA with probe detection\"",
		"Shortname": "\"SARS-CoV-2 RNA Spec NAA+probe-Log#\"",
		"External_Copyright_Notice": "",
		"Status": "ACTIVE",
		"VersionFirstReleased": "2.68"
	},
	{
		"LOINC_NUM": "94565-9",
		"Component": "\"SARS coronavirus 2 RNA\"",
		"Property": "PrThr",
		"Time_Aspct": "Pt",
		"System": "Nph",
		"Scale_Typ": "Ord",
		"Method_Typ": "Non-probe.amp.tar",
		"Class": "MICRO",
		"ClassType": "1",
		"\"Long Common Name\"": "\"SARS-CoV-2 (COVID-19) RNA [Presence] in Nasopharynx by NAA with non-probe detection\"",
		"Shortname": "\"SARS-CoV-2 RNA Nph Ql NAA+non-probe\"",
		"External_Copyright_Notice": "",
		"Status": "ACTIVE",
		"VersionFirstReleased": "2.68"
	},
	{
		"LOINC_NUM": "94759-8",
		"Component": "\"SARS coronavirus 2 RNA\"",
		"Property": "PrThr",
		"Time_Aspct": "Pt",
		"System": "Nph",
		"Scale_Typ": "Ord",
		"Method_Typ": "Probe.amp.tar",
		"Class": "MICRO",
		"ClassType": "1",
		"\"Long Common Name\"": "\"SARS-CoV-2 (COVID-19) RNA [Presence] in Nasopharynx by NAA with probe detection\"",
		"Shortname": "\"SARS-CoV-2 RNA Nph Ql NAA+probe\"",
		"External_Copyright_Notice": "",
		"Status": "ACTIVE",
		"VersionFirstReleased": "2.68"
	},
	{
		"LOINC_NUM": "95406-5",
		"Component": "\"SARS coronavirus 2 RNA\"",
		"Property": "PrThr",
		"Time_Aspct": "Pt",
		"System": "Nose",
		"Scale_Typ": "Ord",
		"Method_Typ": "Probe.amp.tar",
		"Class": "MICRO",
		"ClassType": "1",
		"\"Long Common Name\"": "\"SARS-CoV-2 (COVID-19) RNA [Presence] in Nose by NAA with probe detection\"",
		"Shortname": "\"SARS-CoV-2 RNA Nose Ql NAA+probe\"",
		"External_Copyright_Notice": "",
		"Status": "ACTIVE",
		"VersionFirstReleased": "2.68"
	},
	{
		"LOINC_NUM": "96797-6",
		"Component": "\"SARS coronavirus 2 RNA\"",
		"Property": "PrThr",
		"Time_Aspct": "Pt",
		"System": "\"Oropharyngeal wash\"",
		"Scale_Typ": "Ord",
		"Method_Typ": "Probe.amp.tar",
		"Class": "MICRO",
		"ClassType": "1",
		"\"Long Common Name\"": "\"SARS-CoV-2 (COVID-19) RNA [Presence] in Oropharyngeal wash by NAA with probe detection\"",
		"Shortname": "\"SARS-CoV-2 RNA OPA wash Ql NAA+probe\"",
		"External_Copyright_Notice": "",
		"Status": "ACTIVE",
		"VersionFirstReleased": ""
	},
	{
		"LOINC_NUM": "95608-6",
		"Component": "\"SARS coronavirus 2 RNA\"",
		"Property": "PrThr",
		"Time_Aspct": "Pt",
		"System": "Respiratory",
		"Scale_Typ": "Ord",
		"Method_Typ": "Non-probe.amp.tar",
		"Class": "MICRO",
		"ClassType": "1",
		"\"Long Common Name\"": "\"SARS-CoV-2 (COVID-19) RNA [Presence] in Respiratory specimen by NAA with non-probe detection\"",
		"Shortname": "\"SARS-CoV-2 RNA Resp Ql NAA+non-probe\"",
		"External_Copyright_Notice": "",
		"Status": "ACTIVE",
		"VersionFirstReleased": "2.69"
	},
	{
		"LOINC_NUM": "94500-6",
		"Component": "\"SARS coronavirus 2 RNA\"",
		"Property": "PrThr",
		"Time_Aspct": "Pt",
		"System": "Respiratory",
		"Scale_Typ": "Ord",
		"Method_Typ": "Probe.amp.tar",
		"Class": "MICRO",
		"ClassType": "1",
		"\"Long Common Name\"": "\"SARS-CoV-2 (COVID-19) RNA [Presence] in Respiratory specimen by NAA with probe detection\"",
		"Shortname": "\"SARS-CoV-2 RNA Resp Ql NAA+probe\"",
		"External_Copyright_Notice": "",
		"Status": "ACTIVE",
		"VersionFirstReleased": "2.68"
	},
	{
		"LOINC_NUM": "95424-8",
		"Component": "\"SARS coronavirus 2 RNA\"",
		"Property": "PrThr",
		"Time_Aspct": "Pt",
		"System": "Respiratory",
		"Scale_Typ": "Ord",
		"Method_Typ": "Sequencing",
		"Class": "MICRO",
		"ClassType": "1",
		"\"Long Common Name\"": "\"SARS-CoV-2 (COVID-19) RNA [Presence] in Respiratory specimen by Sequencing\"",
		"Shortname": "\"SARS-CoV-2 RNA Resp Ql Seq\"",
		"External_Copyright_Notice": "",
		"Status": "ACTIVE",
		"VersionFirstReleased": "2.69"
	},
	{
		"LOINC_NUM": "94845-5",
		"Component": "\"SARS coronavirus 2 RNA\"",
		"Property": "PrThr",
		"Time_Aspct": "Pt",
		"System": "Saliva",
		"Scale_Typ": "Ord",
		"Method_Typ": "Probe.amp.tar",
		"Class": "MICRO",
		"ClassType": "1",
		"\"Long Common Name\"": "\"SARS-CoV-2 (COVID-19) RNA [Presence] in Saliva (oral fluid) by NAA with probe detection\"",
		"Shortname": "\"SARS-CoV-2 RNA Sal Ql NAA+probe\"",
		"External_Copyright_Notice": "",
		"Status": "ACTIVE",
		"VersionFirstReleased": "2.68"
	},
	{
		"LOINC_NUM": "94822-4",
		"Component": "\"SARS coronavirus 2 RNA\"",
		"Property": "PrThr",
		"Time_Aspct": "Pt",
		"System": "Saliva",
		"Scale_Typ": "Ord",
		"Method_Typ": "Sequencing",
		"Class": "MICRO",
		"ClassType": "1",
		"\"Long Common Name\"": "\"SARS-CoV-2 (COVID-19) RNA [Presence] in Saliva (oral fluid) by Sequencing\"",
		"Shortname": "\"SARS-CoV-2 RNA Sal Ql Seq\"",
		"External_Copyright_Notice": "",
		"Status": "ACTIVE",
		"VersionFirstReleased": "2.68"
	},
	{
		"LOINC_NUM": "94660-8",
		"Component": "\"SARS coronavirus 2 RNA\"",
		"Property": "PrThr",
		"Time_Aspct": "Pt",
		"System": "Ser/Plas",
		"Scale_Typ": "Ord",
		"Method_Typ": "Probe.amp.tar",
		"Class": "MICRO",
		"ClassType": "1",
		"\"Long Common Name\"": "\"SARS-CoV-2 (COVID-19) RNA [Presence] in Serum or Plasma by NAA with probe detection\"",
		"Shortname": "\"SARS-CoV-2 RNA SerPl Ql NAA+probe\"",
		"External_Copyright_Notice": "",
		"Status": "ACTIVE",
		"VersionFirstReleased": "2.68"
	},
	{
		"LOINC_NUM": "94309-2",
		"Component": "\"SARS coronavirus 2 RNA\"",
		"Property": "PrThr",
		"Time_Aspct": "Pt",
		"System": "XXX",
		"Scale_Typ": "Ord",
		"Method_Typ": "Probe.amp.tar",
		"Class": "MICRO",
		"ClassType": "1",
		"\"Long Common Name\"": "\"SARS-CoV-2 (COVID-19) RNA [Presence] in Specimen by NAA with probe detection\"",
		"Shortname": "\"SARS-CoV-2 RNA Spec Ql NAA+probe\"",
		"External_Copyright_Notice": "",
		"Status": "ACTIVE",
		"VersionFirstReleased": "2.68"
	},
	{
		"LOINC_NUM": "96829-7",
		"Component": "\"SARS coronavirus 2 RNA\"",
		"Property": "PrThr",
		"Time_Aspct": "Pt",
		"System": "XXX^Donor",
		"Scale_Typ": "Ord",
		"Method_Typ": "Probe.amp.tar",
		"Class": "MICRO",
		"ClassType": "1",
		"\"Long Common Name\"": "\"SARS-CoV-2 (COVID-19) RNA [Presence] in Specimen from Donor by NAA with probe detection\"",
		"Shortname": "\"SARS-CoV-2 RNA Spec Donr Ql NAA+probe\"",
		"External_Copyright_Notice": "",
		"Status": "ACTIVE",
		"VersionFirstReleased": ""
	},
	{
		"LOINC_NUM": "96897-4",
		"Component": "\"SARS coronavirus 2 RNA panel\"",
		"Property": "-",
		"Time_Aspct": "Pt",
		"System": "\"Oropharyngeal wash\"",
		"Scale_Typ": "-",
		"Method_Typ": "Probe.amp.tar",
		"Class": "PANEL.MICRO",
		"ClassType": "1",
		"\"Long Common Name\"": "\"SARS-CoV-2 (COVID-19) RNA panel - Oropharyngeal wash by NAA with probe detection\"",
		"Shortname": "\"SARS-CoV-2 RNA Pnl OPA wash NAA+probe\"",
		"External_Copyright_Notice": "",
		"Status": "ACTIVE",
		"VersionFirstReleased": ""
	},
	{
		"LOINC_NUM": "94531-1",
		"Component": "\"SARS coronavirus 2 RNA panel\"",
		"Property": "-",
		"Time_Aspct": "Pt",
		"System": "Respiratory",
		"Scale_Typ": "-",
		"Method_Typ": "Probe.amp.tar",
		"Class": "PANEL.MICRO",
		"ClassType": "1",
		"\"Long Common Name\"": "\"SARS-CoV-2 (COVID-19) RNA panel - Respiratory specimen by NAA with probe detection\"",
		"Shortname": "\"SARS-CoV-2 RNA Pnl Resp NAA+probe\"",
		"External_Copyright_Notice": "",
		"Status": "ACTIVE",
		"VersionFirstReleased": "2.68"
	},
	{
		"LOINC_NUM": "95826-4",
		"Component": "\"SARS coronavirus 2 RNA panel\"",
		"Property": "-",
		"Time_Aspct": "Pt",
		"System": "Saliva",
		"Scale_Typ": "-",
		"Method_Typ": "Probe.amp.tar",
		"Class": "PANEL.MICRO",
		"ClassType": "1",
		"\"Long Common Name\"": "\"SARS-CoV-2 (COVID-19) RNA panel - Saliva (oral fluid) by NAA with probe detection\"",
		"Shortname": "\"SARS-CoV-2 RNA Pnl Sal NAA+probe\"",
		"External_Copyright_Notice": "",
		"Status": "ACTIVE",
		"VersionFirstReleased": "2.69"
	},
	{
		"LOINC_NUM": "94306-8",
		"Component": "\"SARS coronavirus 2 RNA panel\"",
		"Property": "-",
		"Time_Aspct": "Pt",
		"System": "XXX",
		"Scale_Typ": "-",
		"Method_Typ": "Probe.amp.tar",
		"Class": "PANEL.MICRO",
		"ClassType": "1",
		"\"Long Common Name\"": "\"SARS-CoV-2 (COVID-19) RNA panel - Specimen by NAA with probe detection\"",
		"Shortname": "\"SARS-CoV-2 RNA Pnl Spec NAA+probe\"",
		"External_Copyright_Notice": "",
		"Status": "ACTIVE",
		"VersionFirstReleased": "2.68"
	},
	{
		"LOINC_NUM": "96900-6",
		"Component": "\"SARS coronavirus 2 S gene\"",
		"Property": "ThreshNum",
		"Time_Aspct": "Pt",
		"System": "\"Oropharyngeal wash\"",
		"Scale_Typ": "Qn",
		"Method_Typ": "Probe.amp.tar",
		"Class": "MICRO",
		"ClassType": "1",
		"\"Long Common Name\"": "\"SARS-CoV-2 (COVID-19) S gene [Cycle Threshold #] in Oropharyngeal wash by NAA with probe detection\"",
		"Shortname": "\"SARS-CoV-2 S gene Ct OPA wash Qn NAA+prb\"",
		"External_Copyright_Notice": "",
		"Status": "ACTIVE",
		"VersionFirstReleased": ""
	},
	{
		"LOINC_NUM": "94642-6",
		"Component": "\"SARS coronavirus 2 S gene\"",
		"Property": "ThreshNum",
		"Time_Aspct": "Pt",
		"System": "Respiratory",
		"Scale_Typ": "Qn",
		"Method_Typ": "Probe.amp.tar",
		"Class": "MICRO",
		"ClassType": "1",
		"\"Long Common Name\"": "\"SARS-CoV-2 (COVID-19) S gene [Cycle Threshold #] in Respiratory specimen by NAA with probe detection\"",
		"Shortname": "\"SARS-CoV-2 S gene Ct Resp Qn NAA+probe\"",
		"External_Copyright_Notice": "",
		"Status": "ACTIVE",
		"VersionFirstReleased": "2.68"
	},
	{
		"LOINC_NUM": "94643-4",
		"Component": "\"SARS coronavirus 2 S gene\"",
		"Property": "ThreshNum",
		"Time_Aspct": "Pt",
		"System": "XXX",
		"Scale_Typ": "Qn",
		"Method_Typ": "Probe.amp.tar",
		"Class": "MICRO",
		"ClassType": "1",
		"\"Long Common Name\"": "\"SARS-CoV-2 (COVID-19) S gene [Cycle Threshold #] in Specimen by NAA with probe detection\"",
		"Shortname": "\"SARS-CoV-2 S gene Ct Spec Qn NAA+probe\"",
		"External_Copyright_Notice": "",
		"Status": "ACTIVE",
		"VersionFirstReleased": "2.68"
	},
	{
		"LOINC_NUM": "94640-0",
		"Component": "\"SARS coronavirus 2 S gene\"",
		"Property": "PrThr",
		"Time_Aspct": "Pt",
		"System": "Respiratory",
		"Scale_Typ": "Ord",
		"Method_Typ": "Probe.amp.tar",
		"Class": "MICRO",
		"ClassType": "1",
		"\"Long Common Name\"": "\"SARS-CoV-2 (COVID-19) S gene [Presence] in Respiratory specimen by NAA with probe detection\"",
		"Shortname": "\"SARS-CoV-2 S gene Resp Ql NAA+probe\"",
		"External_Copyright_Notice": "",
		"Status": "ACTIVE",
		"VersionFirstReleased": "2.68"
	},
	{
		"LOINC_NUM": "95609-4",
		"Component": "\"SARS coronavirus 2 S gene\"",
		"Property": "PrThr",
		"Time_Aspct": "Pt",
		"System": "Respiratory",
		"Scale_Typ": "Ord",
		"Method_Typ": "Sequencing",
		"Class": "MICRO",
		"ClassType": "1",
		"\"Long Common Name\"": "\"SARS-CoV-2 (COVID-19) S gene [Presence] in Respiratory specimen by Sequencing\"",
		"Shortname": "\"SARS-CoV-2 S gene Resp Ql Seq\"",
		"External_Copyright_Notice": "",
		"Status": "ACTIVE",
		"VersionFirstReleased": "2.69"
	},
	{
		"LOINC_NUM": "96765-3",
		"Component": "\"SARS coronavirus 2 S gene\"",
		"Property": "PrThr",
		"Time_Aspct": "Pt",
		"System": "Saliva",
		"Scale_Typ": "Ord",
		"Method_Typ": "Probe.amp.tar",
		"Class": "MICRO",
		"ClassType": "1",
		"\"Long Common Name\"": "\"SARS-CoV-2 (COVID-19) S gene [Presence] in Saliva (oral fluid) by NAA with probe detection\"",
		"Shortname": "\"SARS-CoV-2 S gene Sal Ql NAA+probe\"",
		"External_Copyright_Notice": "",
		"Status": "ACTIVE",
		"VersionFirstReleased": ""
	},
	{
		"LOINC_NUM": "94767-1",
		"Component": "\"SARS coronavirus 2 S gene\"",
		"Property": "PrThr",
		"Time_Aspct": "Pt",
		"System": "Ser/Plas",
		"Scale_Typ": "Ord",
		"Method_Typ": "Probe.amp.tar",
		"Class": "MICRO",
		"ClassType": "1",
		"\"Long Common Name\"": "\"SARS-CoV-2 (COVID-19) S gene [Presence] in Serum or Plasma by NAA with probe detection\"",
		"Shortname": "\"SARS-CoV-2 S gene SerPl Ql NAA+probe\"",
		"External_Copyright_Notice": "",
		"Status": "ACTIVE",
		"VersionFirstReleased": "2.68"
	},
	{
		"LOINC_NUM": "94641-8",
		"Component": "\"SARS coronavirus 2 S gene\"",
		"Property": "PrThr",
		"Time_Aspct": "Pt",
		"System": "XXX",
		"Scale_Typ": "Ord",
		"Method_Typ": "Probe.amp.tar",
		"Class": "MICRO",
		"ClassType": "1",
		"\"Long Common Name\"": "\"SARS-CoV-2 (COVID-19) S gene [Presence] in Specimen by NAA with probe detection\"",
		"Shortname": "\"SARS-CoV-2 S gene Spec Ql NAA+probe\"",
		"External_Copyright_Notice": "",
		"Status": "ACTIVE",
		"VersionFirstReleased": "2.68"
	},
	{
		"LOINC_NUM": "96752-1",
		"Component": "\"SARS coronavirus 2 S gene mutation\"",
		"Property": "PrThr",
		"Time_Aspct": "Pt",
		"System": "XXX",
		"Scale_Typ": "Ord",
		"Method_Typ": "Molgen",
		"Class": "MICRO",
		"ClassType": "1",
		"\"Long Common Name\"": "\"SARS-CoV-2 (COVID-19) S gene mutation [Presence] in Specimen by Molecular genetics method\"",
		"Shortname": "\"SARS-CoV-2 S gene mut Spec Ql\"",
		"External_Copyright_Notice": "",
		"Status": "ACTIVE",
		"VersionFirstReleased": ""
	},
	{
		"LOINC_NUM": "96751-3",
		"Component": "\"SARS coronavirus 2 S gene mutation detected\"",
		"Property": "Prid",
		"Time_Aspct": "Pt",
		"System": "XXX",
		"Scale_Typ": "Nom",
		"Method_Typ": "Molgen",
		"Class": "MICRO",
		"ClassType": "1",
		"\"Long Common Name\"": "\"SARS-CoV-2 (COVID-19) S gene mutation detected [Identifier] in Specimen by Molecular genetics method\"",
		"Shortname": "\"SARS-CoV-2 S gene mut Spec\"",
		"External_Copyright_Notice": "",
		"Status": "ACTIVE",
		"VersionFirstReleased": ""
	},
	{
		"LOINC_NUM": "96603-6",
		"Component": "\"SARS coronavirus 2 spike protein RBD Ab.neut\"",
		"Property": "PrThr",
		"Time_Aspct": "Pt",
		"System": "Ser/Plas",
		"Scale_Typ": "Ord",
		"Method_Typ": "IA",
		"Class": "MICRO",
		"ClassType": "1",
		"\"Long Common Name\"": "\"SARS-CoV-2 (COVID-19) S protein RBD neutralizing antibody [Presence] in Serum or Plasma by Immunoassay\"",
		"Shortname": "\"SARS-CoV-2 S RBD NAb SerPl Ql IA\"",
		"External_Copyright_Notice": "",
		"Status": "ACTIVE",
		"VersionFirstReleased": "2.69"
	},
	{
		"LOINC_NUM": "95970-0",
		"Component": "\"SARS coronavirus 2 specific TCRB gene rearrangements\"",
		"Property": "PrThr",
		"Time_Aspct": "Pt",
		"System": "Bld",
		"Scale_Typ": "Ord",
		"Method_Typ": "Sequencing",
		"Class": "MICRO",
		"ClassType": "1",
		"\"Long Common Name\"": "\"SARS-CoV-2 (COVID-19) specific TCRB gene rearrangements [Presence] in Blood by Sequencing\"",
		"Shortname": "\"SARS-CoV-2 TCRB Bld Ql Seq\"",
		"External_Copyright_Notice": "",
		"Status": "ACTIVE",
		"VersionFirstReleased": "2.69"
	},
	{
		"LOINC_NUM": "96741-4",
		"Component": "\"SARS coronavirus 2 variant\"",
		"Property": "Type",
		"Time_Aspct": "Pt",
		"System": "XXX",
		"Scale_Typ": "Nom",
		"Method_Typ": "Sequencing",
		"Class": "MICRO",
		"ClassType": "1",
		"\"Long Common Name\"": "\"SARS-CoV-2 (COVID-19) variant [Type] in Specimen by Sequencing\"",
		"Shortname": "\"SARS-CoV-2 variant Spec Seq\"",
		"External_Copyright_Notice": "",
		"Status": "ACTIVE",
		"VersionFirstReleased": ""
	},
	{
		"LOINC_NUM": "96755-4",
		"Component": "\"SARS coronavirus 2 variant interpretation\"",
		"Property": "Imp",
		"Time_Aspct": "Pt",
		"System": "XXX",
		"Scale_Typ": "Nar",
		"Method_Typ": "",
		"Class": "MICRO",
		"ClassType": "1",
		"\"Long Common Name\"": "\"SARS-CoV-2 (COVID-19) variant interpretation in Specimen Narrative\"",
		"Shortname": "\"SARS-CoV-2 variant Imp Spec\"",
		"External_Copyright_Notice": "",
		"Status": "ACTIVE",
		"VersionFirstReleased": ""
	},
	{
		"LOINC_NUM": "94764-8",
		"Component": "\"SARS coronavirus 2 whole genome\"",
		"Property": "Seq",
		"Time_Aspct": "Pt",
		"System": "Isolate/Specimen",
		"Scale_Typ": "Nom",
		"Method_Typ": "Sequencing",
		"Class": "MICRO",
		"ClassType": "1",
		"\"Long Common Name\"": "\"SARS-CoV-2 (COVID-19) whole genome [Nucleotide sequence] in Isolate or Specimen by Sequencing\"",
		"Shortname": "\"SARS-CoV-2 genome Islt/Spm-Seq\"",
		"External_Copyright_Notice": "",
		"Status": "ACTIVE",
		"VersionFirstReleased": "2.68"
	},
	{
		"LOINC_NUM": "94313-4",
		"Component": "\"SARS-like coronavirus N gene\"",
		"Property": "ThreshNum",
		"Time_Aspct": "Pt",
		"System": "XXX",
		"Scale_Typ": "Qn",
		"Method_Typ": "Probe.amp.tar",
		"Class": "MICRO",
		"ClassType": "1",
		"\"Long Common Name\"": "\"SARS-like coronavirus N gene [Cycle Threshold #] in Specimen by NAA with probe detection\"",
		"Shortname": "\"SARS-like CoV N Ct Spec Qn NAA+probe\"",
		"External_Copyright_Notice": "",
		"Status": "ACTIVE",
		"VersionFirstReleased": "2.68"
	},
	{
		"LOINC_NUM": "94310-0",
		"Component": "\"SARS-like coronavirus N gene\"",
		"Property": "PrThr",
		"Time_Aspct": "Pt",
		"System": "XXX",
		"Scale_Typ": "Ord",
		"Method_Typ": "Probe.amp.tar",
		"Class": "MICRO",
		"ClassType": "1",
		"\"Long Common Name\"": "\"SARS-like coronavirus N gene [Presence] in Specimen by NAA with probe detection\"",
		"Shortname": "\"SARS-like CoV N Spec Ql NAA+probe\"",
		"External_Copyright_Notice": "",
		"Status": "ACTIVE",
		"VersionFirstReleased": "2.68"
	},
	{
		"LOINC_NUM": "94509-7",
		"Component": "\"SARS-related coronavirus E gene\"",
		"Property": "ThreshNum",
		"Time_Aspct": "Pt",
		"System": "XXX",
		"Scale_Typ": "Qn",
		"Method_Typ": "Probe.amp.tar",
		"Class": "MICRO",
		"ClassType": "1",
		"\"Long Common Name\"": "\"SARS-related coronavirus E gene [Cycle Threshold #] in Specimen by NAA with probe detection\"",
		"Shortname": "\"SARS-rel CoV E gene Ct Spec Qn NAA+probe\"",
		"External_Copyright_Notice": "",
		"Status": "ACTIVE",
		"VersionFirstReleased": "2.68"
	},
	{
		"LOINC_NUM": "96121-9",
		"Component": "\"SARS-related coronavirus E gene\"",
		"Property": "PrThr",
		"Time_Aspct": "Pt",
		"System": "Respiratory.lower",
		"Scale_Typ": "Ord",
		"Method_Typ": "Probe.amp.tar",
		"Class": "MICRO",
		"ClassType": "1",
		"\"Long Common Name\"": "\"SARS-related coronavirus E gene [Presence] in Lower respiratory specimen by NAA with probe detection\"",
		"Shortname": "\"SARS-rel CoV E gene Low resp Ql NAA+prb\"",
		"External_Copyright_Notice": "",
		"Status": "ACTIVE",
		"VersionFirstReleased": "2.69"
	},
	{
		"LOINC_NUM": "94758-0",
		"Component": "\"SARS-related coronavirus E gene\"",
		"Property": "PrThr",
		"Time_Aspct": "Pt",
		"System": "Respiratory",
		"Scale_Typ": "Ord",
		"Method_Typ": "Probe.amp.tar",
		"Class": "MICRO",
		"ClassType": "1",
		"\"Long Common Name\"": "\"SARS-related coronavirus E gene [Presence] in Respiratory specimen by NAA with probe detection\"",
		"Shortname": "\"SARS-rel CoV E gene Resp Ql NAA+probe\"",
		"External_Copyright_Notice": "",
		"Status": "ACTIVE",
		"VersionFirstReleased": "2.68"
	},
	{
		"LOINC_NUM": "95823-1",
		"Component": "\"SARS-related coronavirus E gene\"",
		"Property": "PrThr",
		"Time_Aspct": "Pt",
		"System": "Saliva",
		"Scale_Typ": "Ord",
		"Method_Typ": "Probe.amp.tar",
		"Class": "MICRO",
		"ClassType": "1",
		"\"Long Common Name\"": "\"SARS-related coronavirus E gene [Presence] in Saliva (oral fluid) by NAA with probe detection\"",
		"Shortname": "\"SARS-rel CoV E gene Sal Ql NAA+probe\"",
		"External_Copyright_Notice": "",
		"Status": "ACTIVE",
		"VersionFirstReleased": "2.69"
	},
	{
		"LOINC_NUM": "94765-5",
		"Component": "\"SARS-related coronavirus E gene\"",
		"Property": "PrThr",
		"Time_Aspct": "Pt",
		"System": "Ser/Plas",
		"Scale_Typ": "Ord",
		"Method_Typ": "Probe.amp.tar",
		"Class": "MICRO",
		"ClassType": "1",
		"\"Long Common Name\"": "\"SARS-related coronavirus E gene [Presence] in Serum or Plasma by NAA with probe detection\"",
		"Shortname": "\"SARS-rel CoV E gene SerPl Ql NAA+probe\"",
		"External_Copyright_Notice": "",
		"Status": "ACTIVE",
		"VersionFirstReleased": "2.68"
	},
	{
		"LOINC_NUM": "94315-9",
		"Component": "\"SARS-related coronavirus E gene\"",
		"Property": "PrThr",
		"Time_Aspct": "Pt",
		"System": "XXX",
		"Scale_Typ": "Ord",
		"Method_Typ": "Probe.amp.tar",
		"Class": "MICRO",
		"ClassType": "1",
		"\"Long Common Name\"": "\"SARS-related coronavirus E gene [Presence] in Specimen by NAA with probe detection\"",
		"Shortname": "\"SARS-rel CoV E gene Spec Ql NAA+probe\"",
		"External_Copyright_Notice": "",
		"Status": "ACTIVE",
		"VersionFirstReleased": "2.68"
	},
	{
		"LOINC_NUM": "96122-7",
		"Component": "\"SARS-related coronavirus E gene\"",
		"Property": "PrThr",
		"Time_Aspct": "Pt",
		"System": "Respiratory.upper",
		"Scale_Typ": "Ord",
		"Method_Typ": "Probe.amp.tar",
		"Class": "MICRO",
		"ClassType": "1",
		"\"Long Common Name\"": "\"SARS-related coronavirus E gene [Presence] in Upper respiratory specimen by NAA with probe detection\"",
		"Shortname": "\"SARS-rel CoV E gene Upper resp Ql NAA+prb\"",
		"External_Copyright_Notice": "",
		"Status": "ACTIVE",
		"VersionFirstReleased": "2.69"
	},
	{
		"LOINC_NUM": "94502-2",
		"Component": "\"SARS-related coronavirus RNA\"",
		"Property": "PrThr",
		"Time_Aspct": "Pt",
		"System": "Respiratory",
		"Scale_Typ": "Ord",
		"Method_Typ": "Probe.amp.tar",
		"Class": "MICRO",
		"ClassType": "1",
		"\"Long Common Name\"": "\"SARS-related coronavirus RNA [Presence] in Respiratory specimen by NAA with probe detection\"",
		"Shortname": "\"SARS-rel CoV RNA Resp Ql NAA+probe\"",
		"External_Copyright_Notice": "",
		"Status": "ACTIVE",
		"VersionFirstReleased": "2.68"
	},
	{
		"LOINC_NUM": "94647-5",
		"Component": "\"SARS-related coronavirus RNA\"",
		"Property": "PrThr",
		"Time_Aspct": "Pt",
		"System": "XXX",
		"Scale_Typ": "Ord",
		"Method_Typ": "Probe.amp.tar",
		"Class": "MICRO",
		"ClassType": "1",
		"\"Long Common Name\"": "\"SARS-related coronavirus RNA [Presence] in Specimen by NAA with probe detection\"",
		"Shortname": "\"SARSr-CoV RNA Spec Ql NAA+probe\"",
		"External_Copyright_Notice": "",
		"Status": "ACTIVE",
		"VersionFirstReleased": "2.68"
	},
	{
		"LOINC_NUM": "94532-9",
		"Component": "\"SARS-related coronavirus+MERS coronavirus RNA\"",
		"Property": "PrThr",
		"Time_Aspct": "Pt",
		"System": "Respiratory",
		"Scale_Typ": "Ord",
		"Method_Typ": "Probe.amp.tar",
		"Class": "MICRO",
		"ClassType": "1",
		"\"Long Common Name\"": "\"SARS-related coronavirus+MERS coronavirus RNA [Presence] in Respiratory specimen by NAA with probe detection\"",
		"Shortname": "\"SARS-rel CoV+MERS RNA Resp Ql NAA+probe\"",
		"External_Copyright_Notice": "",
		"Status": "ACTIVE",
		"VersionFirstReleased": "2.68"
	}
]