[
    {   "id":1234,
        "name":"Alice Wonderland",
        "dob":"1980-04-23T18:25:43.511Z",
        "gender":"Female",        
        "contact":{
            "person":{
                "name":"Bob Johnson",
                "phone":"213-765-2345",
                "relation":"Common-law"
            },
            "eMail":"alice@foo.com",
            "address":{
                "street":"112 Beacon Street",
                "city":"Boston"},
                "telephone":"617-555-1212",
                "cell":"617-555-1761"},
        "allergies":[],
        "orders":{
            "medications":[
                {"DIN": "00356476", "dose": "2000mg","Freq": "TTTT QD"},
                {"DIN": "00620548", "dose": "2000mg","Freq": "TT BID"},
                {"DIN": "02150328", "dose": "2000mg","Freq": "T QD"}
            ],
            "tests":[
                {"LOINC_NUM": "95406-5","ProviderIEN": "45", "patientMRN":"12345", "result":{"value":"positive","Time":"09-11-2013 6:04"}}
            ],
            "administration":[
                {"DIN":"00356476", "ProviderIEN":"65", "patientMRN":"12345", "Time":"09-12-2013 6:04"},
                {"DIN":"00620548", "ProviderIEN":"65", "patientMRN":"12345", "Time":"09-13-2013 6:04"},
                {"DIN":"00356476", "ProviderIEN":"65", "patientMRN":"12345", "Time":"09-12-2013 12:04"},
                {"DIN":"00620548", "ProviderIEN":"65", "patientMRN":"12345", "Time":"09-13-2013 12:04"},
                {"DIN":"02150328", "ProviderIEN":"65", "patientMRN":"12345", "Time":"09-13-2013 12:04"},
                {"DIN":"00356476", "ProviderIEN":"63", "patientMRN":"12345", "Time":"09-12-2013 18:04"},
                {"DIN":"00356476", "ProviderIEN":"63", "patientMRN":"12345", "Time":"09-13-2013 00:04"}
            ]  
        },
        "problems":[{"ICD10code":"J1281"}],
        "vitals":[
            {
                "datetime": "2021-04-18T10:00:00.000Z",
                "P": 108,
                "R": 27,
                "POX": 90,
                "BP": {"sys": 160, "dia": 90},
                "Wkg": 91.17,
                "HCM": 142.56,
                "PN": 6,
                "AuthIEN": 600
            },
            {
                "datetime": "2021-04-19T10:00:00.000Z",
                "P": 108,
                "R": 27,
                "POX": 90,
                "BP": {"sys": 160, "dia": 90},
                "Wkg": 91.17,
                "HCM": 142.56,
                "PN": 6,
                "AuthIEN": 600
            }
            ]
    },
    {   "id":12347,
        "name":"Rob Swanson",
        "dob":"1981-04-23T18:25:43.511Z",
        "gender":"Male",        
        "contact":{
            "person":{
                "name":"Frank Moses",
                "phone":"985-435-2765",
                "relation":"Father"
            },
            "eMail":"rob@foo.com",
            "address":{
                "street":"154 Benoit Street",
                "city":"Michigan"},
                "telephone":"765-123-5364",
                "cell":"123-647-1125"},
        "allergies":[],                
        "orders":{
            "medications":[
                {"DIN":"00883751", "Freq": "TT BID"}],

            "tests":[
                {"LOINC_NUM":"95411-5","ProviderIEN":"45","patientMRN":"12345", "result":{"value":"1st dose","Time":"09-11-2013 6:04"}},
                {"LOINC_NUM":"95411-5","ProviderIEN":"45","patientMRN":"12345", "result":{"value":"2nd dose","Time":"09-11-2013 6:04"}}
            ],
            "administration":[
                {"DIN":"00883751 ", "ProviderIEN":"63", "patientMRN":"12345", "Time":"09-12-2013 14:04"},
                {"DIN":"00883751", "ProviderIEN":"65", "patientMRN":"12345", "Time":"09-13-2013 14:04"}]          
        },
        "problems":[{"ICD10code":"A281"}],
        "vitals":[
            {
                "datetime": "2021-04-18T10:00:00.000Z",
                "P": 108,
                "R": 27,
                "POX": 90,
                "BP": {"sys": 160, "dia": 90},
                "Wkg": 91.17,
                "HCM": 142.56,
                "PN": 6,
                "AuthIEN": 600
            },
            {
                "datetime": "2021-04-19T10:00:00.000Z",
                "P": 108,
                "R": 27,
                "POX": 90,
                "BP": {"sys": 160, "dia": 90},
                "Wkg": 91.17,
                "HCM": 142.56,
                "PN": 6,
                "AuthIEN": 600
            }
        ]
    },
    {   "id":13,
        "name":"Claire Farron",
        "dob":"1982-04-23T18:25:43.511Z",       
        "gender":"Female",        
        "contact":{
            "person":{
                "name":"Sarah Farron",
                "phone":"013-131-1323",
                "relation":"Sister"
            },
            "eMail":"lightning@foo.com",
            "address":{
                "street":"13-3 Returns Street",
                "city":"Fantasy"},
                "telephone":"617-555-1212",
                "cell":"617-555-1761"},
        "allergies":["penicillin"],
        "orders":{
            "medications":[
                {"DIN":"00544884", "Freq": "TT BID"}],
            "tests":[
                {"LOINC_NUM":"95411-5","ProviderIEN":"45","patientMRN":"12345", "result":{"value":"1st dose","Time":"2021-04-19T10:00:00.000Z"}},
                {"LOINC_NUM":"95411-5","ProviderIEN":"45","patientMRN":"12345", "result":{"value":"2nd dose","Time":"2021-04-19T10:00:00.000Z"}}
            ],
            "administration":[
                {"DIN":"00544884", "ProviderIEN":"018", "patientMRN":"13", "Time":"2021-04-19T10:00:00.000Z"}
            ]      
        },
        "problems":[{"ICD10code":"A200"}],
        
        "vitals":[            
            {
                "datetime": "2021-04-18T10:00:00.000Z",
                "P": 108,
                "R": 27,
                "POX": 90,
                "BP": {"sys": 160, "dia": 90},
                "Wkg": 91.17,
                "HCM": 142.56,
                "PN": 6,
                "AuthIEN": 600
            },
            {
                "datetime": "2021-04-19T10:00:00.000Z",
                "P": 108,
                "R": 27,
                "POX": 90,
                "BP": {"sys": 160, "dia": 90},
                "Wkg": 91.17,
                "HCM": 142.56,
                "PN": 6,
                "AuthIEN": 600
            }
        ]
    }, 
    {   "id":15,
        "name":"Noct Gar",
        "dob":"1982-04-23T18:25:43.511Z",       
        "gender":"Male",        
        "contact":{
            "person":{
                "name":"Luna Gar",
                "phone":"015-151-1525",
                "relation":"Spouse"
            },
            "eMail":"princenoctis@foo.com",
            "address":{
                "street":"15 Royal Street",
                "city":"Insomnia"},
                "telephone":"517-137-1515",
                "cell":"517-555-1565"},
        "allergies":["peanuts","latex"],
        "orders":{
            "medications":[
                {"DIN": "00356476","Freq": "TT BID"},
                {"DIN": "00620548", "Freq": "TT BID"}
            ],
            "tests":[
                {"LOINC_NUM": "95209-3","ProviderIEN": "45", "patientMRN":15, "result":{"value":"positive","Time":"09-11-2013 6:04"}}
            ],
            "administration":[
                {"DIN":"00356476", "ProviderIEN":"65", "patientMRN":"12345", "Time":"09-12-2013 6:14"},
                {"DIN":"00620548", "ProviderIEN":"65", "patientMRN":"12345", "Time":"09-13-2013 6:14"},
                {"DIN":"00356476", "ProviderIEN":"65", "patientMRN":"12345", "Time":"09-12-2013 12:14"},
                {"DIN":"00620548", "ProviderIEN":"65", "patientMRN":"12345", "Time":"09-13-2013 12:14"}
            ]   
        },
        "problems":[{"ICD10code":"B342"}],
        "vitals":[]
    }
]