{
    "resourceType": "Observation",
    "name": {
        "coding": [
            {
                "system": "http://loinc.org",
                "code": "2339-0",
                "display": "glucose observation from blood system"
            }
        ]
    },
    "valueQuantity": {
        "value": "6.3",
        "units": "mmol/l",
        "system": "http://unitsofmeasure.org",
        "code": "mmol/l"
    },
    "interpretation": {
        "coding": [
            {
                "system": "http://hl7.org/fhir/v2/0078",
                "code": "A",
                "display": "abnormal"
            }
        ]
    },
    "appliesPeriod": {
        "start": "2013-04-02T09:30:10+01:00",
        "end": "2013-04-05T09:30:10+01:00"
    },
    "issued": "2013-04-03T15:30:10+01:00",
    "status": "final",
    "reliability": "ok",
    "bodySite": {
        "coding": [
            {
                "system": "http://snomed.info/id",
                "code": "308046002",
                "display": "Superficial forearm vein"
            }
        ]
    },
    "method": {
        "coding": [
            {
                "system": "http://snomed.info/id",
                "code": "120220003",
                "display": "Injection to forearm"
            }
        ]
    },
    "identifier": {
        "use": "official",
        "system": "http://www.bmc.nl/zorgportal/identifiers/observations",
        "value": "6323"
    },
    "subject": {
        "reference": "Patient/f001",
        "display": "P. van de Heuvel"
    },
    "performer": {
        "reference": "Practitioner/f005",
        "display": "A. Langeveld"
    },
    "referenceRange": [
        {
            "rangeRange": {
                "low": {
                    "value": "3.1",
                    "units": "mmol/l",
                    "system": "http://unitsofmeasure.org",
                    "code": "mmol/l"
                },
                "high": {
                    "value": "6.2",
                    "units": "mmol/l",
                    "system": "http://unitsofmeasure.org",
                    "code": "mmol/l"
                }
            }
        }
    ]
}