{"resourceType":"Observation","name":{"coding":[{"system":"http://snomed.info/id","code":"104177005","display":"Blood culture for bacteria"}]},"valueCodeableConcept":{"coding":[{"system":"http://snomed.info/id","code":"8745002","display":"Gram-positive bacteria"}]},"interpretation":{"coding":[{"system":"http://hl7.org/fhir/v2/0078","code":"POS"}]},"issued":"2013-03-11T10:28:00+01:00","status":"final","reliability":"ok","method":{"coding":[{"system":"http://snomed.info/id","code":"104177005","display":"Blood culture for bacteria"}]},"subject":{"reference":"Patient/f201","display":"Roel"},"performer":{"reference":"Practitioner/f202","display":"Luigi Maas"}}