{"resourceType":"Observation","name":{"coding":[{"system":"http://loinc.org","code":"28540-3","display":"Erythrocyte concentration"}]},"valueQuantity":{"value":"18.7","units":"g/dl","system":"http://unitsofmeasure.org","code":"g/dl"},"interpretation":{"coding":[{"system":"http://hl7.org/fhir/v2/0078","code":"A","display":"abnormal"}]},"appliesPeriod":{"start":"2013-04-02T10:30:10+01:00","end":"2013-04-05T10:30:10+01:00"},"issued":"2013-04-03T15:30:10+01:00","status":"final","reliability":"ok","bodySite":{"coding":[{"system":"http://snomed.info/id","code":"308046002","display":"Superficial forearm vein"}]},"method":{"coding":[{"system":"http://snomed.info/id","code":"120220003","display":"Injection to forearm"}]},"identifier":{"use":"official","system":"http://www.bmc.nl/zorgportal/identifiers/observations","value":"6326"},"subject":{"reference":"Patient/f001","display":"P. van de Heuvel"},"performer":{"reference":"Practitioner/f005","display":"A. Langeveld"},"referenceRange":[{"rangeRange":{"low":{"value":"32","units":"g/dl","system":"http://unitsofmeasure.org","code":"g/dl"},"high":{"value":"36","units":"g/dl","system":"http://unitsofmeasure.org","code":"g/dl"}}}]}