{"resourceType":"Observation","name":{"coding":[{"system":"http://snomed.info/id","code":"60621009","display":"Body mass index"}]},"valueQuantity":{"value":"31.31"},"interpretation":{"coding":[{"system":"http://snomed.info/id","code":"75540009","display":"High"},{"system":"http://hl7.org/fhir/v2/0078","code":"H"}]},"issued":"2013-04-04T13:27:00+01:00","status":"final","reliability":"ok","bodySite":{"coding":[{"system":"http://snomed.info/id","code":"38266002","display":"Body as a whole"}]},"method":{"coding":[{"system":"http://snomed.info/id","code":"122869004","display":"Measurement - action"}]},"subject":{"reference":"Patient/f201","display":"Roel"},"performer":{"reference":"Practitioner/f201"},"referenceRange":[{"meaning":{"coding":[{"system":"http://snomed.info/id","code":"310252000","display":"Low BMI"}]},"rangeQuantity":{"value":"20","comparator":"<"}},{"meaning":{"coding":[{"system":"http://snomed.info/id","code":"412768003","display":"Normal BMI"}]},"rangeRange":{"low":{"value":"20"},"high":{"value":"25"}}},{"meaning":{"coding":[{"system":"http://snomed.info/id","code":"162863004","display":"Overweight"}]},"rangeRange":{"low":{"value":"25"},"high":{"value":"30"}}},{"meaning":{"coding":[{"system":"http://snomed.info/id","code":"162864005","display":"Obesity"}]},"rangeRange":{"low":{"value":"30"},"high":{"value":"40"}}},{"meaning":{"coding":[{"system":"http://snomed.info/id","code":"162864005","display":"Severe obesity"}]},"rangeQuantity":{"value":"40","comparator":">"}}],"component":[{"name":{"coding":[{"system":"http://snomed.info/id","code":"410667008","display":"Length"}]},"valueQuantity":{"value":"182","units":"centimeter","system":"http://snomed.info/id","code":"258672001"}},{"name":{"coding":[{"system":"http://snomed.info/id","code":"60621009","display":"Weight"}]},"valueQuantity":{"value":"103.7","units":"kilogram","system":"http://snomed.info/id","code":"258683005"}}]}