{"resourceType":"Observation","name":{"coding":[{"system":"http://snomed.info/id","code":"409402009","display":"Epidermal Growth Factor Receptor"}]},"valueQuantity":{"value":"54","units":"mL/min","system":"http://snomed.info/id","code":"258859000"},"interpretation":{"coding":[{"system":"http://snomed.info/id","code":"427038005","display":"Negative for epidermal growth factor receptor expression (Non-small cell lung cancer)"},{"system":"http://hl7.org/fhir/v2/0078","code":"NEG"}]},"issued":"2013-04-04T14:34:00+01:00","status":"final","reliability":"ok","method":{"coding":[{"system":"http://snomed.info/id","code":"129266000","display":"Measurement"}]},"identifier":{"label":"eGFR value of Roel on April 2013 - 03720","system":"https://intranet.aumc.nl/labvalues","value":"1304-03720-eGFR"},"subject":{"reference":"Patient/f201","display":"Roel"},"performer":{"reference":"Practitioner/f202","display":"Luigi Maas"},"referenceRange":[{"meaning":{"coding":[{"system":"http://snomed.info/id","code":"426964009","display":"Non-small cell carcinoma"}]},"rangeQuantity":{"value":"60","comparator":">"}}]}