{"resourceType":"Observation","name":{"coding":[{"system":"http://snomed.info/id","code":"415945006","display":"Oral temperature"}]},"valueQuantity":{"value":"39","units":"degrees C","system":"http://snomed.info/id","code":"258710007"},"interpretation":{"coding":[{"system":"http://hl7.org/fhir/v2/0078","code":"H"}]},"issued":"2013-04-04T13:27:00+01:00","status":"withdrawn","reliability":"questionable","bodySite":{"coding":[{"system":"http://snomed.info/id","code":"38266002","display":"Body as a whole"}]},"method":{"coding":[{"system":"http://snomed.info/id","code":"89003005","display":"Oral temperature taking"}]},"subject":{"reference":"Patient/f201","display":"Roel"},"performer":{"reference":"Practitioner/f201"},"referenceRange":[{"meaning":{"coding":[{"system":"http://snomed.info/id","code":"386661006","display":"Fever"}]},"rangeQuantity":{"value":"37.5","comparator":">"}}]}