{"resourceType":"Observation","text":{"status":"generated","div":"<div>Sept 17, 2012: Blood pressure 107/65 (normal)</div>"},"name":{"coding":[{"system":"http://loinc.org","code":"55284-4","display":"Blood pressure systolic and diastolic"}]},"interpretation":{"coding":[{"system":"http://hl7.org/fhir/v2/0078","code":"N","display":"Normal (applies to non-numeric results)"}]},"appliesDateTime":"2012-09-17","status":"final","reliability":"ok","identifier":{"system":"urn:ietf:rfc:3986","value":"187e0c12-8dd2-67e2-99b2-bf273c878281"},"subject":{"reference":"Patient/example"},"performer":{"reference":"Practitioner/example"},"component":[{"name":{"coding":[{"system":"http://loinc.org","code":"8480-6","display":"Systolic blood pressure"}]},"valueQuantity":{"value":"107","units":"mm[Hg]"}},{"name":{"coding":[{"system":"http://loinc.org","code":"8462-4","display":"Diastolic blood pressure"}]},"valueQuantity":{"value":"65","units":"mm[Hg]"}}]}