{"resourceType":"Observation","name":{"coding":[{"system":"http://loinc.org","code":"11557-6","display":"Carbon dioxide in blood"}]},"valueQuantity":{"value":"6.2","units":"mm[Hg]","system":"http://unitsofmeasure.org","code":"mm[Hg]"},"interpretation":{"coding":[{"system":"http://hl7.org/fhir/v2/0078","code":"A","display":"abnormal"}]},"appliesPeriod":{"start":"2013-04-02T10:30:10+01:00","end":"2013-04-05T10:30:10+01:00"},"issued":"2013-04-03T15:30:10+01:00","status":"final","reliability":"ok","bodySite":{"coding":[{"system":"http://snomed.info/id","code":"308046002","display":"Superficial forearm vein"}]},"method":{"coding":[{"system":"http://snomed.info/id","code":"120220003","display":"Injection to forearm"}]},"identifier":{"use":"official","system":"http://www.bmc.nl/zorgportal/identifiers/observations","value":"6325"},"subject":{"reference":"Patient/f001","display":"P. van de Heuvel"},"performer":{"reference":"Practitioner/f005","display":"A. Langeveld"},"referenceRange":[{"rangeRange":{"low":{"value":"7.1","units":"mmol/l","system":"http://unitsofmeasure.org","code":"mmol/l"},"high":{"value":"11.2","units":"mmol/l","system":"http://unitsofmeasure.org","code":"mmol/l"}}}]}